"EmployeeID","FirstName","LastName","DisplayName","Department","City","JobTitle","Status"
"EMP00001","Aditya","Patel","Aditya Patel","Engineering","Bangalore","Administrator","Active"
"EMP00002","Rohan","Reddy","Rohan Reddy","Finance","Bangalore","Analyst","Active"
"EMP00003","Krishna","Singh","Krishna Singh","Customer Success","Chennai","Manager","Active"
"EMP00004","Ishita","Kulkarni","Ishita Kulkarni","Legal","Pune","Administrator","Active"
"EMP00005","Aarav","Sharma","Aarav Sharma","HR","Chennai","Consultant","Active"
"EMP00006","Aditya","Joshi","Aditya Joshi","Finance","Chennai","Senior Engineer","Active"
"EMP00007","Vivaan","Menon","Vivaan Menon","HR","Hyderabad","Lead Engineer","Active"
"EMP00008","Diya","Reddy","Diya Reddy","Operations","Pune","Director","Active"
"EMP00009","Sanjay","Patel","Sanjay Patel","Sales","Delhi","Director","Active"
"EMP00010","Sanjay","Kumar","Sanjay Kumar","Legal","Pune","Senior Engineer","Active"
"EMP00011","Rahul","Verma","Rahul Verma","Legal","Mumbai","Senior Engineer","Active"
"EMP00012","Meera","Nair","Meera Nair","Finance","Chennai","Senior Manager","Active"
"EMP00013","Diya","Rao","Diya Rao","Security","Hyderabad","Lead Engineer","Active"
"EMP00014","Vivaan","Kumar","Vivaan Kumar","Operations","Mumbai","Lead Engineer","Active"
"EMP00015","Ishita","Kulkarni","Ishita Kulkarni","Security","Mumbai","Analyst","Active"
"EMP00016","Vikram","Verma","Vikram Verma","Engineering","Pune","Director","Active"
"EMP00017","Vivaan","Iyer","Vivaan Iyer","Legal","Delhi","Senior Engineer","Active"
"EMP00018","Diya","Joshi","Diya Joshi","Finance","Mumbai","Consultant","Active"
"EMP00019","Akash","Verma","Akash Verma","Engineering","Bangalore","Analyst","Active"
"EMP00020","Neha","Patel","Neha Patel","Sales","Hyderabad","Analyst","Active"
"EMP00021","Aditya","Rao","Aditya Rao","Legal","Mumbai","Analyst","Active"
"EMP00022","Meera","Patel","Meera Patel","IT","Mumbai","Engineer","Active"
"EMP00023","Diya","Verma","Diya Verma","Finance","Chennai","Engineer","Active"
"EMP00024","Vikram","Reddy","Vikram Reddy","Finance","Hyderabad","Consultant","Active"
"EMP00025","Vikram","Patel","Vikram Patel","Marketing","Bangalore","Director","Active"
"EMP00026","Ishita","Das","Ishita Das","Operations","Pune","Lead Engineer","Active"
"EMP00027","Meera","Reddy","Meera Reddy","IT","Pune","Administrator","Active"
"EMP00028","Ritika","Nair","Ritika Nair","Engineering","Chennai","Manager","Active"
"EMP00029","Aisha","Nair","Aisha Nair","HR","Pune","Senior Engineer","Active"
"EMP00030","Ishita","Iyer","Ishita Iyer","Finance","Delhi","Senior Engineer","Active"
"EMP00031","Priya","Kapoor","Priya Kapoor","Engineering","Mumbai","Engineer","Active"
"EMP00032","Rahul","Singh","Rahul Singh","Sales","Hyderabad","Manager","Active"
"EMP00033","Meera","Gupta","Meera Gupta","Legal","Pune","Director","Active"
"EMP00034","Ishita","Kulkarni","Ishita Kulkarni","Security","Pune","Engineer","Active"
"EMP00035","Sanjay","Joshi","Sanjay Joshi","HR","Delhi","Senior Engineer","Active"
"EMP00036","Priya","Singh","Priya Singh","IT","Mumbai","Lead Engineer","Active"
"EMP00037","Aarav","Kapoor","Aarav Kapoor","Engineering","Chennai","Senior Manager","Active"
"EMP00038","Vivaan","Gupta","Vivaan Gupta","IT","Chennai","Lead Engineer","Active"
"EMP00039","Aditya","Kulkarni","Aditya Kulkarni","Security","Mumbai","Senior Manager","Active"
"EMP00040","Krishna","Kulkarni","Krishna Kulkarni","Engineering","Delhi","Lead Engineer","Active"
"EMP00041","Krishna","Joshi","Krishna Joshi","IT","Pune","Lead Engineer","Active"
"EMP00042","Rahul","Gupta","Rahul Gupta","Sales","Delhi","Manager","Active"
"EMP00043","Rahul","Kulkarni","Rahul Kulkarni","Marketing","Mumbai","Engineer","Active"
"EMP00044","Sanjay","Nair","Sanjay Nair","Sales","Delhi","Consultant","Active"
"EMP00045","Priya","Das","Priya Das","IT","Pune","Director","Active"
"EMP00046","Vikram","Sharma","Vikram Sharma","IT","Pune","Administrator","Active"
"EMP00047","Aditya","Rao","Aditya Rao","Sales","Hyderabad","Senior Engineer","Active"
"EMP00048","Rohan","Kumar","Rohan Kumar","Security","Hyderabad","Senior Engineer","Active"
"EMP00049","Rahul","Rao","Rahul Rao","Finance","Delhi","Consultant","Active"
"EMP00050","Aarav","Rao","Aarav Rao","Engineering","Bangalore","Consultant","Active"
"EMP00051","Aisha","Sharma","Aisha Sharma","Legal","Hyderabad","Senior Manager","Active"
"EMP00052","Meera","Reddy","Meera Reddy","Legal","Bangalore","Senior Engineer","Active"
"EMP00053","Aarav","Singh","Aarav Singh","IT","Bangalore","Senior Manager","Active"
"EMP00054","Rahul","Singh","Rahul Singh","Finance","Hyderabad","Manager","Active"
"EMP00055","Ishita","Sharma","Ishita Sharma","Operations","Bangalore","Administrator","Active"
"EMP00056","Priya","Iyer","Priya Iyer","Marketing","Mumbai","Engineer","Active"
"EMP00057","Ritika","Gupta","Ritika Gupta","Finance","Chennai","Administrator","Active"
"EMP00058","Vivaan","Das","Vivaan Das","Sales","Delhi","Senior Manager","Active"
"EMP00059","Ananya","Rao","Ananya Rao","Operations","Hyderabad","Engineer","Active"
"EMP00060","Aisha","Kumar","Aisha Kumar","Operations","Bangalore","Administrator","Active"
"EMP00061","Sanjay","Das","Sanjay Das","HR","Hyderabad","Administrator","Active"
"EMP00062","Krishna","Sharma","Krishna Sharma","Sales","Bangalore","Manager","Active"
"EMP00063","Ananya","Kumar","Ananya Kumar","Security","Mumbai","Manager","Active"
"EMP00064","Aarav","Nair","Aarav Nair","Legal","Hyderabad","Senior Manager","Active"
"EMP00065","Aditya","Verma","Aditya Verma","IT","Hyderabad","Lead Engineer","Active"
"EMP00066","Ishita","Kumar","Ishita Kumar","IT","Mumbai","Administrator","Active"
"EMP00067","Diya","Joshi","Diya Joshi","Engineering","Hyderabad","Analyst","Active"
"EMP00068","Priya","Das","Priya Das","Finance","Chennai","Senior Manager","Active"
"EMP00069","Rahul","Kapoor","Rahul Kapoor","Customer Success","Bangalore","Consultant","Active"
"EMP00070","Priya","Patel","Priya Patel","Finance","Chennai","Senior Engineer","Active"
"EMP00071","Sanjay","Kumar","Sanjay Kumar","Security","Pune","Senior Manager","Active"
"EMP00072","Ananya","Kulkarni","Ananya Kulkarni","Operations","Bangalore","Lead Engineer","Active"
"EMP00073","Diya","Patel","Diya Patel","HR","Hyderabad","Manager","Active"
"EMP00074","Neha","Das","Neha Das","Marketing","Hyderabad","Consultant","Active"
"EMP00075","Akash","Kumar","Akash Kumar","Legal","Hyderabad","Analyst","Active"
"EMP00076","Sanjay","Gupta","Sanjay Gupta","Sales","Bangalore","Analyst","Active"
"EMP00077","Sneha","Kumar","Sneha Kumar","Legal","Mumbai","Director","Active"
"EMP00078","Vivaan","Nair","Vivaan Nair","HR","Delhi","Senior Engineer","Active"
"EMP00079","Aarav","Verma","Aarav Verma","Security","Pune","Lead Engineer","Active"
"EMP00080","Rohan","Patel","Rohan Patel","Engineering","Hyderabad","Engineer","Active"
"EMP00081","Aarav","Patel","Aarav Patel","Operations","Hyderabad","Consultant","Active"
"EMP00082","Aisha","Menon","Aisha Menon","Operations","Hyderabad","Consultant","Active"
"EMP00083","Kiran","Nair","Kiran Nair","Customer Success","Delhi","Senior Manager","Active"
"EMP00084","Aisha","Menon","Aisha Menon","HR","Chennai","Director","Active"
"EMP00085","Meera","Nair","Meera Nair","Engineering","Mumbai","Senior Manager","Active"
"EMP00086","Ritika","Gupta","Ritika Gupta","Finance","Delhi","Analyst","Active"
"EMP00087","Aditya","Kumar","Aditya Kumar","Finance","Pune","Senior Engineer","Active"
"EMP00088","Ritika","Reddy","Ritika Reddy","Marketing","Delhi","Senior Engineer","Active"
"EMP00089","Priya","Reddy","Priya Reddy","Operations","Hyderabad","Senior Engineer","Active"
"EMP00090","Aisha","Menon","Aisha Menon","Operations","Chennai","Administrator","Active"
"EMP00091","Vikram","Kapoor","Vikram Kapoor","Marketing","Chennai","Engineer","Active"
"EMP00092","Sanjay","Sharma","Sanjay Sharma","Security","Chennai","Senior Manager","Active"
"EMP00093","Ishita","Kulkarni","Ishita Kulkarni","Customer Success","Pune","Senior Engineer","Active"
"EMP00094","Diya","Reddy","Diya Reddy","Customer Success","Hyderabad","Senior Manager","Active"
"EMP00095","Vikram","Patel","Vikram Patel","Engineering","Pune","Consultant","Active"
"EMP00096","Priya","Iyer","Priya Iyer","Operations","Bangalore","Consultant","Active"
"EMP00097","Neha","Patel","Neha Patel","Finance","Delhi","Analyst","Active"
"EMP00098","Priya","Joshi","Priya Joshi","Engineering","Mumbai","Senior Manager","Active"
"EMP00099","Aarav","Patel","Aarav Patel","Finance","Pune","Lead Engineer","Active"
"EMP00100","Aditya","Kumar","Aditya Kumar","Operations","Mumbai","Administrator","Active"
"EMP00101","Rohan","Reddy","Rohan Reddy","Marketing","Bangalore","Senior Engineer","Active"
"EMP00102","Aisha","Singh","Aisha Singh","Legal","Delhi","Engineer","Active"
"EMP00103","Krishna","Kulkarni","Krishna Kulkarni","IT","Pune","Director","Active"
"EMP00104","Vikram","Kumar","Vikram Kumar","IT","Chennai","Senior Engineer","Active"
"EMP00105","Krishna","Nair","Krishna Nair","Sales","Delhi","Engineer","Active"
"EMP00106","Aisha","Das","Aisha Das","IT","Delhi","Administrator","Active"
"EMP00107","Diya","Sharma","Diya Sharma","HR","Mumbai","Senior Engineer","Active"
"EMP00108","Rohan","Kulkarni","Rohan Kulkarni","Legal","Chennai","Director","Active"
"EMP00109","Ananya","Patel","Ananya Patel","IT","Delhi","Engineer","Active"
"EMP00110","Rohan","Kapoor","Rohan Kapoor","Customer Success","Delhi","Senior Manager","Active"
"EMP00111","Akash","Reddy","Akash Reddy","HR","Bangalore","Consultant","Active"
"EMP00112","Kiran","Singh","Kiran Singh","Engineering","Pune","Director","Active"
"EMP00113","Ishita","Das","Ishita Das","Legal","Pune","Administrator","Active"
"EMP00114","Aditya","Gupta","Aditya Gupta","IT","Bangalore","Consultant","Active"
"EMP00115","Diya","Das","Diya Das","HR","Chennai","Engineer","Active"
"EMP00116","Ritika","Iyer","Ritika Iyer","Finance","Delhi","Manager","Active"
"EMP00117","Priya","Nair","Priya Nair","Security","Bangalore","Director","Active"
"EMP00118","Akash","Kulkarni","Akash Kulkarni","Marketing","Delhi","Director","Active"
"EMP00119","Ananya","Iyer","Ananya Iyer","Customer Success","Delhi","Senior Manager","Active"
"EMP00120","Ananya","Verma","Ananya Verma","HR","Bangalore","Lead Engineer","Active"
"EMP00121","Sneha","Joshi","Sneha Joshi","Customer Success","Hyderabad","Analyst","Active"
"EMP00122","Akash","Joshi","Akash Joshi","Operations","Hyderabad","Consultant","Active"
"EMP00123","Aisha","Kulkarni","Aisha Kulkarni","IT","Chennai","Analyst","Active"
"EMP00124","Vikram","Gupta","Vikram Gupta","Marketing","Pune","Manager","Active"
"EMP00125","Aisha","Das","Aisha Das","Sales","Mumbai","Lead Engineer","Active"
"EMP00126","Vivaan","Kumar","Vivaan Kumar","Marketing","Mumbai","Manager","Active"
"EMP00127","Sanjay","Nair","Sanjay Nair","Engineering","Hyderabad","Engineer","Active"
"EMP00128","Kiran","Singh","Kiran Singh","Marketing","Bangalore","Consultant","Active"
"EMP00129","Sanjay","Patel","Sanjay Patel","IT","Chennai","Analyst","Active"
"EMP00130","Sneha","Kapoor","Sneha Kapoor","Marketing","Hyderabad","Senior Engineer","Active"
"EMP00131","Aditya","Das","Aditya Das","Engineering","Chennai","Analyst","Active"
"EMP00132","Krishna","Iyer","Krishna Iyer","IT","Pune","Lead Engineer","Active"
"EMP00133","Rohan","Rao","Rohan Rao","Customer Success","Bangalore","Senior Manager","Active"
"EMP00134","Rahul","Rao","Rahul Rao","Legal","Hyderabad","Lead Engineer","Active"
"EMP00135","Kiran","Nair","Kiran Nair","IT","Delhi","Lead Engineer","Active"
"EMP00136","Aisha","Singh","Aisha Singh","Operations","Mumbai","Consultant","Active"
"EMP00137","Vivaan","Sharma","Vivaan Sharma","Sales","Hyderabad","Analyst","Active"
"EMP00138","Aditya","Gupta","Aditya Gupta","Engineering","Hyderabad","Analyst","Active"
"EMP00139","Aarav","Sharma","Aarav Sharma","Engineering","Chennai","Consultant","Active"
"EMP00140","Ritika","Kapoor","Ritika Kapoor","Marketing","Mumbai","Analyst","Active"
"EMP00141","Sneha","Joshi","Sneha Joshi","HR","Mumbai","Lead Engineer","Active"
"EMP00142","Aarav","Menon","Aarav Menon","Sales","Hyderabad","Senior Engineer","Active"
"EMP00143","Neha","Iyer","Neha Iyer","Finance","Chennai","Manager","Active"
"EMP00144","Rahul","Patel","Rahul Patel","Legal","Hyderabad","Senior Manager","Active"
"EMP00145","Kiran","Verma","Kiran Verma","IT","Mumbai","Analyst","Active"
"EMP00146","Meera","Sharma","Meera Sharma","Finance","Mumbai","Administrator","Active"
"EMP00147","Krishna","Reddy","Krishna Reddy","Legal","Chennai","Director","Active"
"EMP00148","Neha","Menon","Neha Menon","Legal","Bangalore","Senior Engineer","Active"
"EMP00149","Ananya","Reddy","Ananya Reddy","Operations","Mumbai","Lead Engineer","Active"
"EMP00150","Sneha","Kumar","Sneha Kumar","Marketing","Mumbai","Administrator","Active"
"EMP00151","Aarav","Joshi","Aarav Joshi","Operations","Pune","Administrator","Active"
"EMP00152","Sanjay","Kulkarni","Sanjay Kulkarni","Legal","Pune","Senior Engineer","Active"
"EMP00153","Aisha","Patel","Aisha Patel","IT","Bangalore","Administrator","Active"
"EMP00154","Neha","Sharma","Neha Sharma","Finance","Hyderabad","Analyst","Active"
"EMP00155","Ananya","Reddy","Ananya Reddy","Sales","Pune","Senior Engineer","Active"
"EMP00156","Vivaan","Kapoor","Vivaan Kapoor","Operations","Pune","Analyst","Active"
"EMP00157","Ritika","Nair","Ritika Nair","IT","Chennai","Lead Engineer","Active"
"EMP00158","Rahul","Gupta","Rahul Gupta","Security","Pune","Lead Engineer","Active"
"EMP00159","Rohan","Reddy","Rohan Reddy","Operations","Chennai","Administrator","Active"
"EMP00160","Kiran","Iyer","Kiran Iyer","Operations","Chennai","Lead Engineer","Active"
"EMP00161","Diya","Gupta","Diya Gupta","Operations","Delhi","Manager","Active"
"EMP00162","Akash","Iyer","Akash Iyer","Legal","Bangalore","Analyst","Active"
"EMP00163","Vivaan","Kulkarni","Vivaan Kulkarni","IT","Hyderabad","Senior Manager","Active"
"EMP00164","Rahul","Sharma","Rahul Sharma","Marketing","Bangalore","Manager","Active"
"EMP00165","Ishita","Nair","Ishita Nair","Operations","Bangalore","Senior Manager","Active"
"EMP00166","Ishita","Rao","Ishita Rao","Security","Bangalore","Director","Active"
"EMP00167","Aarav","Patel","Aarav Patel","HR","Hyderabad","Manager","Active"
"EMP00168","Arjun","Singh","Arjun Singh","Finance","Hyderabad","Analyst","Active"
"EMP00169","Kiran","Verma","Kiran Verma","Legal","Pune","Senior Manager","Active"
"EMP00170","Vikram","Kulkarni","Vikram Kulkarni","Operations","Delhi","Senior Manager","Active"
"EMP00171","Meera","Joshi","Meera Joshi","Operations","Bangalore","Analyst","Active"
"EMP00172","Kiran","Kapoor","Kiran Kapoor","Legal","Bangalore","Analyst","Active"
"EMP00173","Ananya","Verma","Ananya Verma","Customer Success","Mumbai","Administrator","Active"
"EMP00174","Ishita","Iyer","Ishita Iyer","Engineering","Chennai","Analyst","Active"
"EMP00175","Arjun","Gupta","Arjun Gupta","Finance","Mumbai","Lead Engineer","Active"
"EMP00176","Arjun","Joshi","Arjun Joshi","Sales","Chennai","Director","Active"
"EMP00177","Neha","Kumar","Neha Kumar","IT","Delhi","Senior Manager","Active"
"EMP00178","Aditya","Nair","Aditya Nair","Sales","Mumbai","Manager","Active"
"EMP00179","Diya","Singh","Diya Singh","Sales","Hyderabad","Director","Active"
"EMP00180","Krishna","Sharma","Krishna Sharma","Operations","Bangalore","Manager","Active"
"EMP00181","Sneha","Joshi","Sneha Joshi","IT","Bangalore","Senior Engineer","Active"
"EMP00182","Kiran","Nair","Kiran Nair","HR","Bangalore","Senior Engineer","Active"
"EMP00183","Aisha","Sharma","Aisha Sharma","HR","Mumbai","Analyst","Active"
"EMP00184","Aarav","Gupta","Aarav Gupta","Customer Success","Delhi","Administrator","Active"
"EMP00185","Rohan","Kumar","Rohan Kumar","IT","Bangalore","Consultant","Active"
"EMP00186","Neha","Rao","Neha Rao","Customer Success","Mumbai","Administrator","Active"
"EMP00187","Arjun","Das","Arjun Das","Security","Pune","Lead Engineer","Active"
"EMP00188","Meera","Gupta","Meera Gupta","Operations","Chennai","Senior Engineer","Active"
"EMP00189","Sanjay","Kulkarni","Sanjay Kulkarni","Customer Success","Hyderabad","Analyst","Active"
"EMP00190","Rohan","Menon","Rohan Menon","Marketing","Delhi","Manager","Active"
"EMP00191","Ritika","Sharma","Ritika Sharma","HR","Bangalore","Senior Engineer","Active"
"EMP00192","Priya","Gupta","Priya Gupta","IT","Mumbai","Senior Manager","Active"
"EMP00193","Aditya","Verma","Aditya Verma","Finance","Chennai","Director","Active"
"EMP00194","Aditya","Kulkarni","Aditya Kulkarni","Engineering","Mumbai","Director","Active"
"EMP00195","Akash","Das","Akash Das","Operations","Hyderabad","Lead Engineer","Active"
"EMP00196","Rohan","Iyer","Rohan Iyer","Engineering","Pune","Director","Active"
"EMP00197","Ananya","Kapoor","Ananya Kapoor","Engineering","Bangalore","Manager","Active"
"EMP00198","Kiran","Menon","Kiran Menon","Customer Success","Bangalore","Manager","Active"
"EMP00199","Priya","Patel","Priya Patel","Engineering","Pune","Engineer","Active"
"EMP00200","Rahul","Patel","Rahul Patel","Sales","Chennai","Manager","Active"
"EMP00201","Vikram","Verma","Vikram Verma","Legal","Pune","Senior Manager","Active"
"EMP00202","Priya","Singh","Priya Singh","Finance","Bangalore","Consultant","Active"
"EMP00203","Ritika","Sharma","Ritika Sharma","Engineering","Chennai","Manager","Active"
"EMP00204","Priya","Verma","Priya Verma","IT","Bangalore","Director","Active"
"EMP00205","Sanjay","Joshi","Sanjay Joshi","IT","Mumbai","Consultant","Active"
"EMP00206","Aditya","Joshi","Aditya Joshi","HR","Bangalore","Senior Engineer","Active"
"EMP00207","Aditya","Singh","Aditya Singh","Operations","Mumbai","Analyst","Active"
"EMP00208","Sneha","Reddy","Sneha Reddy","HR","Pune","Analyst","Active"
"EMP00209","Ananya","Patel","Ananya Patel","Security","Hyderabad","Senior Manager","Active"
"EMP00210","Arjun","Das","Arjun Das","Legal","Mumbai","Manager","Active"
"EMP00211","Krishna","Kapoor","Krishna Kapoor","Finance","Pune","Lead Engineer","Active"
"EMP00212","Priya","Sharma","Priya Sharma","Security","Hyderabad","Senior Manager","Active"
"EMP00213","Ananya","Nair","Ananya Nair","Security","Mumbai","Analyst","Active"
"EMP00214","Rohan","Joshi","Rohan Joshi","Legal","Chennai","Engineer","Active"
"EMP00215","Aditya","Kapoor","Aditya Kapoor","Marketing","Hyderabad","Consultant","Active"
"EMP00216","Meera","Gupta","Meera Gupta","Engineering","Hyderabad","Consultant","Active"
"EMP00217","Arjun","Nair","Arjun Nair","HR","Hyderabad","Manager","Active"
"EMP00218","Ritika","Verma","Ritika Verma","HR","Chennai","Senior Manager","Active"
"EMP00219","Sanjay","Menon","Sanjay Menon","Customer Success","Bangalore","Administrator","Active"
"EMP00220","Krishna","Rao","Krishna Rao","Operations","Bangalore","Manager","Active"
"EMP00221","Priya","Iyer","Priya Iyer","Marketing","Chennai","Manager","Active"
"EMP00222","Neha","Verma","Neha Verma","Customer Success","Mumbai","Manager","Active"
"EMP00223","Sneha","Kumar","Sneha Kumar","Security","Pune","Administrator","Active"
"EMP00224","Diya","Rao","Diya Rao","Customer Success","Bangalore","Engineer","Active"
"EMP00225","Vikram","Singh","Vikram Singh","Engineering","Chennai","Consultant","Active"
"EMP00226","Vikram","Kulkarni","Vikram Kulkarni","Marketing","Mumbai","Manager","Active"
"EMP00227","Sneha","Joshi","Sneha Joshi","Finance","Pune","Director","Active"
"EMP00228","Vivaan","Kulkarni","Vivaan Kulkarni","Customer Success","Bangalore","Lead Engineer","Active"
"EMP00229","Kiran","Singh","Kiran Singh","Operations","Pune","Lead Engineer","Active"
"EMP00230","Ritika","Kumar","Ritika Kumar","IT","Mumbai","Administrator","Active"
"EMP00231","Vivaan","Sharma","Vivaan Sharma","Operations","Delhi","Manager","Active"
"EMP00232","Krishna","Sharma","Krishna Sharma","HR","Bangalore","Senior Engineer","Active"
"EMP00233","Ritika","Kapoor","Ritika Kapoor","Security","Chennai","Senior Engineer","Active"
"EMP00234","Vivaan","Iyer","Vivaan Iyer","Security","Bangalore","Senior Manager","Active"
"EMP00235","Vivaan","Kapoor","Vivaan Kapoor","Legal","Chennai","Manager","Active"
"EMP00236","Aditya","Singh","Aditya Singh","HR","Delhi","Administrator","Active"
"EMP00237","Diya","Kapoor","Diya Kapoor","Engineering","Bangalore","Manager","Active"
"EMP00238","Ananya","Singh","Ananya Singh","Finance","Mumbai","Senior Engineer","Active"
"EMP00239","Sneha","Kulkarni","Sneha Kulkarni","Legal","Mumbai","Consultant","Active"
"EMP00240","Rohan","Das","Rohan Das","Legal","Pune","Senior Manager","Active"
"EMP00241","Meera","Singh","Meera Singh","Legal","Mumbai","Senior Engineer","Active"
"EMP00242","Vivaan","Patel","Vivaan Patel","Security","Bangalore","Consultant","Active"
"EMP00243","Priya","Kulkarni","Priya Kulkarni","Marketing","Delhi","Director","Active"
"EMP00244","Vikram","Reddy","Vikram Reddy","Customer Success","Pune","Senior Engineer","Active"
"EMP00245","Ritika","Iyer","Ritika Iyer","Security","Chennai","Senior Manager","Active"
"EMP00246","Arjun","Kumar","Arjun Kumar","HR","Delhi","Analyst","Active"
"EMP00247","Arjun","Kapoor","Arjun Kapoor","Engineering","Pune","Senior Manager","Active"
"EMP00248","Vivaan","Nair","Vivaan Nair","Customer Success","Bangalore","Administrator","Active"
"EMP00249","Neha","Iyer","Neha Iyer","Marketing","Delhi","Consultant","Active"
"EMP00250","Akash","Nair","Akash Nair","Operations","Bangalore","Senior Manager","Active"
"EMP00251","Sneha","Kapoor","Sneha Kapoor","Security","Hyderabad","Administrator","Active"
"EMP00252","Aarav","Sharma","Aarav Sharma","Finance","Pune","Engineer","Active"
"EMP00253","Rahul","Rao","Rahul Rao","HR","Hyderabad","Consultant","Active"
"EMP00254","Ananya","Menon","Ananya Menon","IT","Hyderabad","Engineer","Active"
"EMP00255","Ishita","Nair","Ishita Nair","IT","Hyderabad","Manager","Active"
"EMP00256","Neha","Singh","Neha Singh","Operations","Pune","Administrator","Active"
"EMP00257","Sanjay","Patel","Sanjay Patel","Security","Chennai","Consultant","Active"
"EMP00258","Rahul","Gupta","Rahul Gupta","Engineering","Chennai","Analyst","Active"
"EMP00259","Priya","Singh","Priya Singh","Engineering","Mumbai","Analyst","Active"
"EMP00260","Sanjay","Kulkarni","Sanjay Kulkarni","Legal","Hyderabad","Consultant","Active"
"EMP00261","Sanjay","Verma","Sanjay Verma","Operations","Delhi","Administrator","Active"
"EMP00262","Krishna","Kumar","Krishna Kumar","HR","Mumbai","Director","Active"
"EMP00263","Diya","Das","Diya Das","Operations","Chennai","Lead Engineer","Active"
"EMP00264","Ishita","Kumar","Ishita Kumar","Security","Chennai","Senior Engineer","Active"
"EMP00265","Ritika","Verma","Ritika Verma","Sales","Chennai","Senior Engineer","Active"
"EMP00266","Vivaan","Sharma","Vivaan Sharma","IT","Delhi","Engineer","Active"
"EMP00267","Ritika","Iyer","Ritika Iyer","IT","Mumbai","Lead Engineer","Active"
"EMP00268","Ishita","Singh","Ishita Singh","Sales","Delhi","Manager","Active"
"EMP00269","Akash","Menon","Akash Menon","IT","Delhi","Senior Manager","Active"
"EMP00270","Krishna","Reddy","Krishna Reddy","Security","Chennai","Engineer","Active"
"EMP00271","Akash","Joshi","Akash Joshi","Security","Chennai","Manager","Active"
"EMP00272","Ishita","Verma","Ishita Verma","Operations","Bangalore","Analyst","Active"
"EMP00273","Rahul","Singh","Rahul Singh","HR","Bangalore","Lead Engineer","Active"
"EMP00274","Meera","Kapoor","Meera Kapoor","Sales","Hyderabad","Manager","Active"
"EMP00275","Priya","Iyer","Priya Iyer","IT","Chennai","Director","Active"
"EMP00276","Sanjay","Singh","Sanjay Singh","Customer Success","Delhi","Consultant","Active"
"EMP00277","Meera","Singh","Meera Singh","Engineering","Bangalore","Analyst","Active"
"EMP00278","Diya","Reddy","Diya Reddy","Engineering","Bangalore","Lead Engineer","Active"
"EMP00279","Vivaan","Nair","Vivaan Nair","Engineering","Delhi","Lead Engineer","Active"
"EMP00280","Akash","Das","Akash Das","Marketing","Hyderabad","Administrator","Active"
"EMP00281","Ishita","Gupta","Ishita Gupta","Sales","Delhi","Manager","Active"
"EMP00282","Rohan","Patel","Rohan Patel","Security","Mumbai","Manager","Active"
"EMP00283","Priya","Sharma","Priya Sharma","Security","Hyderabad","Senior Engineer","Active"
"EMP00284","Ritika","Menon","Ritika Menon","Security","Bangalore","Senior Engineer","Active"
"EMP00285","Aarav","Patel","Aarav Patel","Operations","Mumbai","Lead Engineer","Active"
"EMP00286","Krishna","Sharma","Krishna Sharma","Engineering","Chennai","Director","Active"
"EMP00287","Kiran","Gupta","Kiran Gupta","Sales","Pune","Senior Engineer","Active"
"EMP00288","Akash","Kapoor","Akash Kapoor","Marketing","Delhi","Director","Active"
"EMP00289","Ritika","Reddy","Ritika Reddy","Legal","Delhi","Engineer","Active"
"EMP00290","Diya","Iyer","Diya Iyer","IT","Pune","Lead Engineer","Active"
"EMP00291","Rohan","Reddy","Rohan Reddy","Marketing","Hyderabad","Consultant","Active"
"EMP00292","Arjun","Rao","Arjun Rao","Finance","Bangalore","Senior Manager","Active"
"EMP00293","Ishita","Kapoor","Ishita Kapoor","Marketing","Delhi","Manager","Active"
"EMP00294","Kiran","Rao","Kiran Rao","Operations","Pune","Analyst","Active"
"EMP00295","Priya","Kulkarni","Priya Kulkarni","Sales","Hyderabad","Lead Engineer","Active"
"EMP00296","Kiran","Iyer","Kiran Iyer","Finance","Hyderabad","Manager","Active"
"EMP00297","Diya","Nair","Diya Nair","Customer Success","Pune","Senior Engineer","Active"
"EMP00298","Arjun","Kapoor","Arjun Kapoor","Legal","Delhi","Senior Manager","Active"
"EMP00299","Vivaan","Gupta","Vivaan Gupta","Operations","Delhi","Manager","Active"
"EMP00300","Meera","Joshi","Meera Joshi","Marketing","Delhi","Senior Engineer","Active"
"EMP00301","Sneha","Sharma","Sneha Sharma","Finance","Chennai","Manager","Active"
"EMP00302","Ananya","Joshi","Ananya Joshi","Customer Success","Chennai","Senior Manager","Active"
"EMP00303","Kiran","Singh","Kiran Singh","Customer Success","Chennai","Senior Engineer","Active"
"EMP00304","Kiran","Kapoor","Kiran Kapoor","Finance","Delhi","Consultant","Active"
"EMP00305","Rohan","Das","Rohan Das","Finance","Delhi","Senior Manager","Active"
"EMP00306","Rahul","Das","Rahul Das","HR","Mumbai","Consultant","Active"
"EMP00307","Arjun","Joshi","Arjun Joshi","Finance","Mumbai","Analyst","Active"
"EMP00308","Sanjay","Singh","Sanjay Singh","Operations","Hyderabad","Engineer","Active"
"EMP00309","Meera","Reddy","Meera Reddy","Operations","Chennai","Administrator","Active"
"EMP00310","Neha","Kumar","Neha Kumar","Engineering","Hyderabad","Analyst","Active"
"EMP00311","Neha","Sharma","Neha Sharma","Operations","Pune","Consultant","Active"
"EMP00312","Kiran","Kumar","Kiran Kumar","Customer Success","Hyderabad","Lead Engineer","Active"
"EMP00313","Ritika","Singh","Ritika Singh","Marketing","Chennai","Senior Manager","Active"
"EMP00314","Ananya","Kulkarni","Ananya Kulkarni","HR","Bangalore","Lead Engineer","Active"
"EMP00315","Vikram","Patel","Vikram Patel","Sales","Mumbai","Senior Engineer","Active"
"EMP00316","Ananya","Menon","Ananya Menon","HR","Hyderabad","Administrator","Active"
"EMP00317","Aisha","Das","Aisha Das","IT","Mumbai","Analyst","Active"
"EMP00318","Ananya","Rao","Ananya Rao","IT","Bangalore","Director","Active"
"EMP00319","Akash","Kumar","Akash Kumar","Sales","Pune","Director","Active"
"EMP00320","Diya","Kumar","Diya Kumar","Security","Pune","Analyst","Active"
"EMP00321","Krishna","Menon","Krishna Menon","Customer Success","Mumbai","Analyst","Active"
"EMP00322","Rohan","Rao","Rohan Rao","Sales","Pune","Lead Engineer","Active"
"EMP00323","Vivaan","Kulkarni","Vivaan Kulkarni","Operations","Pune","Senior Engineer","Active"
"EMP00324","Ritika","Reddy","Ritika Reddy","Security","Chennai","Administrator","Active"
"EMP00325","Krishna","Nair","Krishna Nair","Marketing","Mumbai","Consultant","Active"
"EMP00326","Sanjay","Das","Sanjay Das","Legal","Delhi","Analyst","Active"
"EMP00327","Priya","Reddy","Priya Reddy","IT","Pune","Lead Engineer","Active"
"EMP00328","Aarav","Kulkarni","Aarav Kulkarni","Finance","Delhi","Administrator","Active"
"EMP00329","Vivaan","Das","Vivaan Das","Engineering","Hyderabad","Senior Engineer","Active"
"EMP00330","Kiran","Rao","Kiran Rao","Marketing","Hyderabad","Senior Engineer","Active"
"EMP00331","Rohan","Menon","Rohan Menon","Marketing","Hyderabad","Analyst","Active"
"EMP00332","Ananya","Singh","Ananya Singh","Engineering","Mumbai","Lead Engineer","Active"
"EMP00333","Ritika","Reddy","Ritika Reddy","Marketing","Chennai","Consultant","Active"
"EMP00334","Vivaan","Kulkarni","Vivaan Kulkarni","IT","Hyderabad","Engineer","Active"
"EMP00335","Rahul","Rao","Rahul Rao","Engineering","Hyderabad","Engineer","Active"
"EMP00336","Akash","Das","Akash Das","HR","Bangalore","Director","Active"
"EMP00337","Sneha","Kulkarni","Sneha Kulkarni","Security","Delhi","Engineer","Active"
"EMP00338","Neha","Kapoor","Neha Kapoor","Customer Success","Pune","Manager","Active"
"EMP00339","Neha","Gupta","Neha Gupta","Sales","Bangalore","Manager","Active"
"EMP00340","Ritika","Sharma","Ritika Sharma","Engineering","Chennai","Director","Active"
"EMP00341","Akash","Reddy","Akash Reddy","IT","Chennai","Administrator","Active"
"EMP00342","Ananya","Nair","Ananya Nair","HR","Pune","Director","Active"
"EMP00343","Krishna","Verma","Krishna Verma","Engineering","Hyderabad","Senior Engineer","Active"
"EMP00344","Ritika","Kumar","Ritika Kumar","Operations","Mumbai","Senior Manager","Active"
"EMP00345","Arjun","Gupta","Arjun Gupta","Customer Success","Pune","Lead Engineer","Active"
"EMP00346","Meera","Gupta","Meera Gupta","Legal","Pune","Administrator","Active"
"EMP00347","Meera","Das","Meera Das","Legal","Bangalore","Senior Manager","Active"
"EMP00348","Aditya","Rao","Aditya Rao","Customer Success","Mumbai","Lead Engineer","Active"
"EMP00349","Neha","Das","Neha Das","HR","Bangalore","Administrator","Active"
"EMP00350","Aisha","Verma","Aisha Verma","Legal","Pune","Senior Engineer","Active"
"EMP00351","Diya","Nair","Diya Nair","Security","Hyderabad","Consultant","Active"
"EMP00352","Meera","Reddy","Meera Reddy","IT","Hyderabad","Administrator","Active"
"EMP00353","Priya","Kumar","Priya Kumar","Sales","Pune","Manager","Active"
"EMP00354","Arjun","Iyer","Arjun Iyer","Operations","Delhi","Senior Engineer","Active"
"EMP00355","Ishita","Kulkarni","Ishita Kulkarni","Legal","Hyderabad","Analyst","Active"
"EMP00356","Meera","Gupta","Meera Gupta","Security","Delhi","Lead Engineer","Active"
"EMP00357","Aditya","Patel","Aditya Patel","Customer Success","Bangalore","Lead Engineer","Active"
"EMP00358","Ishita","Kulkarni","Ishita Kulkarni","Operations","Mumbai","Senior Manager","Active"
"EMP00359","Akash","Reddy","Akash Reddy","Customer Success","Bangalore","Director","Active"
"EMP00360","Rohan","Singh","Rohan Singh","Finance","Mumbai","Analyst","Active"
"EMP00361","Ritika","Singh","Ritika Singh","Legal","Bangalore","Director","Active"
"EMP00362","Sanjay","Kumar","Sanjay Kumar","Sales","Chennai","Senior Engineer","Active"
"EMP00363","Aarav","Kapoor","Aarav Kapoor","Marketing","Hyderabad","Engineer","Active"
"EMP00364","Neha","Patel","Neha Patel","IT","Pune","Manager","Active"
"EMP00365","Sneha","Patel","Sneha Patel","HR","Hyderabad","Senior Manager","Active"
"EMP00366","Diya","Singh","Diya Singh","Legal","Mumbai","Engineer","Active"
"EMP00367","Vivaan","Sharma","Vivaan Sharma","IT","Mumbai","Lead Engineer","Active"
"EMP00368","Aisha","Kumar","Aisha Kumar","Sales","Bangalore","Engineer","Active"
"EMP00369","Ritika","Kumar","Ritika Kumar","Security","Pune","Consultant","Active"
"EMP00370","Ritika","Kapoor","Ritika Kapoor","Engineering","Delhi","Engineer","Active"
"EMP00371","Arjun","Das","Arjun Das","Finance","Pune","Engineer","Active"
"EMP00372","Rohan","Reddy","Rohan Reddy","Marketing","Delhi","Director","Active"
"EMP00373","Ananya","Singh","Ananya Singh","Engineering","Mumbai","Director","Active"
"EMP00374","Ishita","Das","Ishita Das","Legal","Mumbai","Senior Manager","Active"
"EMP00375","Sneha","Singh","Sneha Singh","Marketing","Bangalore","Senior Manager","Active"
"EMP00376","Aditya","Reddy","Aditya Reddy","Operations","Chennai","Administrator","Active"
"EMP00377","Ritika","Das","Ritika Das","Marketing","Delhi","Analyst","Active"
"EMP00378","Aarav","Menon","Aarav Menon","Finance","Pune","Senior Manager","Active"
"EMP00379","Aarav","Singh","Aarav Singh","IT","Delhi","Engineer","Active"
"EMP00380","Rohan","Nair","Rohan Nair","HR","Mumbai","Director","Active"
"EMP00381","Kiran","Patel","Kiran Patel","Security","Delhi","Manager","Active"
"EMP00382","Rahul","Das","Rahul Das","HR","Chennai","Consultant","Active"
"EMP00383","Kiran","Verma","Kiran Verma","Engineering","Bangalore","Engineer","Active"
"EMP00384","Neha","Iyer","Neha Iyer","Engineering","Hyderabad","Consultant","Active"
"EMP00385","Rahul","Iyer","Rahul Iyer","Security","Chennai","Director","Active"
"EMP00386","Arjun","Patel","Arjun Patel","Customer Success","Hyderabad","Consultant","Active"
"EMP00387","Ritika","Kulkarni","Ritika Kulkarni","Operations","Delhi","Director","Active"
"EMP00388","Akash","Joshi","Akash Joshi","HR","Mumbai","Director","Active"
"EMP00389","Rohan","Kumar","Rohan Kumar","HR","Delhi","Senior Manager","Active"
"EMP00390","Sanjay","Iyer","Sanjay Iyer","Engineering","Pune","Director","Active"
"EMP00391","Diya","Reddy","Diya Reddy","Customer Success","Chennai","Lead Engineer","Active"
"EMP00392","Kiran","Verma","Kiran Verma","Legal","Mumbai","Analyst","Active"
"EMP00393","Vikram","Patel","Vikram Patel","IT","Hyderabad","Lead Engineer","Active"
"EMP00394","Sneha","Reddy","Sneha Reddy","HR","Delhi","Analyst","Active"
"EMP00395","Aarav","Iyer","Aarav Iyer","Finance","Hyderabad","Manager","Active"
"EMP00396","Akash","Rao","Akash Rao","Security","Bangalore","Director","Active"
"EMP00397","Arjun","Kumar","Arjun Kumar","Sales","Chennai","Manager","Active"
"EMP00398","Arjun","Sharma","Arjun Sharma","HR","Hyderabad","Senior Engineer","Active"
"EMP00399","Arjun","Sharma","Arjun Sharma","Engineering","Delhi","Senior Engineer","Active"
"EMP00400","Aditya","Das","Aditya Das","Sales","Mumbai","Analyst","Active"
"EMP00401","Vivaan","Kumar","Vivaan Kumar","IT","Bangalore","Director","Active"
"EMP00402","Rahul","Kapoor","Rahul Kapoor","Engineering","Bangalore","Senior Manager","Active"
"EMP00403","Meera","Das","Meera Das","Security","Mumbai","Lead Engineer","Active"
"EMP00404","Ritika","Patel","Ritika Patel","Engineering","Chennai","Analyst","Active"
"EMP00405","Rahul","Rao","Rahul Rao","Engineering","Mumbai","Administrator","Active"
"EMP00406","Ritika","Menon","Ritika Menon","Operations","Hyderabad","Lead Engineer","Active"
"EMP00407","Krishna","Menon","Krishna Menon","Finance","Hyderabad","Senior Manager","Active"
"EMP00408","Aarav","Singh","Aarav Singh","Marketing","Chennai","Analyst","Active"
"EMP00409","Ishita","Reddy","Ishita Reddy","Legal","Mumbai","Senior Manager","Active"
"EMP00410","Meera","Iyer","Meera Iyer","Finance","Chennai","Analyst","Active"
"EMP00411","Diya","Iyer","Diya Iyer","Security","Chennai","Senior Manager","Active"
"EMP00412","Diya","Nair","Diya Nair","Security","Chennai","Engineer","Active"
"EMP00413","Diya","Kumar","Diya Kumar","Finance","Mumbai","Analyst","Active"
"EMP00414","Akash","Gupta","Akash Gupta","HR","Delhi","Consultant","Active"
"EMP00415","Vikram","Patel","Vikram Patel","Finance","Mumbai","Lead Engineer","Active"
"EMP00416","Aarav","Iyer","Aarav Iyer","Operations","Mumbai","Director","Active"
"EMP00417","Rohan","Kumar","Rohan Kumar","Engineering","Pune","Manager","Active"
"EMP00418","Rahul","Sharma","Rahul Sharma","Marketing","Chennai","Analyst","Active"
"EMP00419","Sanjay","Menon","Sanjay Menon","HR","Chennai","Senior Manager","Active"
"EMP00420","Vivaan","Rao","Vivaan Rao","Customer Success","Mumbai","Senior Engineer","Active"
"EMP00421","Aisha","Kumar","Aisha Kumar","Finance","Chennai","Consultant","Active"
"EMP00422","Ishita","Sharma","Ishita Sharma","Security","Pune","Administrator","Active"
"EMP00423","Aditya","Kulkarni","Aditya Kulkarni","Security","Mumbai","Lead Engineer","Active"
"EMP00424","Aarav","Gupta","Aarav Gupta","Operations","Pune","Director","Active"
"EMP00425","Arjun","Verma","Arjun Verma","Sales","Delhi","Administrator","Active"
"EMP00426","Kiran","Kumar","Kiran Kumar","Customer Success","Chennai","Senior Manager","Active"
"EMP00427","Sneha","Joshi","Sneha Joshi","Operations","Delhi","Engineer","Active"
"EMP00428","Aisha","Kulkarni","Aisha Kulkarni","Marketing","Delhi","Engineer","Active"
"EMP00429","Ritika","Gupta","Ritika Gupta","Sales","Chennai","Senior Manager","Active"
"EMP00430","Vivaan","Rao","Vivaan Rao","Customer Success","Mumbai","Senior Manager","Active"
"EMP00431","Vikram","Patel","Vikram Patel","Marketing","Delhi","Engineer","Active"
"EMP00432","Akash","Verma","Akash Verma","Finance","Delhi","Manager","Active"
"EMP00433","Akash","Verma","Akash Verma","Operations","Bangalore","Analyst","Active"
"EMP00434","Rohan","Kulkarni","Rohan Kulkarni","Finance","Bangalore","Manager","Active"
"EMP00435","Sanjay","Menon","Sanjay Menon","Finance","Pune","Senior Engineer","Active"
"EMP00436","Aditya","Singh","Aditya Singh","Security","Delhi","Analyst","Active"
"EMP00437","Ishita","Gupta","Ishita Gupta","Operations","Bangalore","Senior Engineer","Active"
"EMP00438","Vikram","Singh","Vikram Singh","Marketing","Delhi","Administrator","Active"
"EMP00439","Ishita","Sharma","Ishita Sharma","Operations","Bangalore","Senior Manager","Active"
"EMP00440","Meera","Nair","Meera Nair","Security","Mumbai","Senior Manager","Active"
"EMP00441","Ishita","Kapoor","Ishita Kapoor","Sales","Bangalore","Manager","Active"
"EMP00442","Meera","Reddy","Meera Reddy","Engineering","Pune","Engineer","Active"
"EMP00443","Meera","Nair","Meera Nair","Engineering","Hyderabad","Consultant","Active"
"EMP00444","Kiran","Nair","Kiran Nair","IT","Delhi","Lead Engineer","Active"
"EMP00445","Ishita","Menon","Ishita Menon","Legal","Hyderabad","Consultant","Active"
"EMP00446","Ishita","Kulkarni","Ishita Kulkarni","Sales","Hyderabad","Director","Active"
"EMP00447","Sanjay","Kulkarni","Sanjay Kulkarni","Finance","Pune","Administrator","Active"
"EMP00448","Ishita","Reddy","Ishita Reddy","Finance","Delhi","Analyst","Active"
"EMP00449","Ananya","Reddy","Ananya Reddy","Operations","Delhi","Manager","Active"
"EMP00450","Sneha","Das","Sneha Das","IT","Pune","Analyst","Active"
"EMP00451","Aditya","Sharma","Aditya Sharma","Marketing","Pune","Senior Engineer","Active"
"EMP00452","Aarav","Joshi","Aarav Joshi","Legal","Pune","Administrator","Active"
"EMP00453","Aditya","Kapoor","Aditya Kapoor","Sales","Delhi","Senior Engineer","Active"
"EMP00454","Ritika","Singh","Ritika Singh","Engineering","Delhi","Engineer","Active"
"EMP00455","Sanjay","Iyer","Sanjay Iyer","Customer Success","Pune","Manager","Active"
"EMP00456","Krishna","Nair","Krishna Nair","HR","Pune","Analyst","Active"
"EMP00457","Aarav","Gupta","Aarav Gupta","Operations","Delhi","Lead Engineer","Active"
"EMP00458","Arjun","Patel","Arjun Patel","HR","Bangalore","Senior Manager","Active"
"EMP00459","Akash","Kumar","Akash Kumar","Sales","Delhi","Analyst","Active"
"EMP00460","Aditya","Sharma","Aditya Sharma","Engineering","Hyderabad","Lead Engineer","Active"
"EMP00461","Ishita","Sharma","Ishita Sharma","Customer Success","Pune","Director","Active"
"EMP00462","Vivaan","Kumar","Vivaan Kumar","Operations","Bangalore","Administrator","Active"
"EMP00463","Vikram","Kulkarni","Vikram Kulkarni","Operations","Bangalore","Administrator","Active"
"EMP00464","Sanjay","Rao","Sanjay Rao","Operations","Chennai","Senior Engineer","Active"
"EMP00465","Meera","Das","Meera Das","Finance","Mumbai","Director","Active"
"EMP00466","Ananya","Singh","Ananya Singh","Sales","Mumbai","Manager","Active"
"EMP00467","Krishna","Nair","Krishna Nair","Customer Success","Mumbai","Administrator","Active"
"EMP00468","Krishna","Kumar","Krishna Kumar","Engineering","Bangalore","Manager","Active"
"EMP00469","Kiran","Verma","Kiran Verma","Marketing","Bangalore","Manager","Active"
"EMP00470","Rahul","Singh","Rahul Singh","Security","Chennai","Senior Manager","Active"
"EMP00471","Ananya","Singh","Ananya Singh","Sales","Mumbai","Director","Active"
"EMP00472","Neha","Kumar","Neha Kumar","Marketing","Chennai","Administrator","Active"
"EMP00473","Rohan","Nair","Rohan Nair","Finance","Mumbai","Director","Active"
"EMP00474","Sanjay","Sharma","Sanjay Sharma","Engineering","Mumbai","Engineer","Active"
"EMP00475","Vikram","Iyer","Vikram Iyer","HR","Bangalore","Senior Engineer","Active"
"EMP00476","Krishna","Kumar","Krishna Kumar","Legal","Bangalore","Engineer","Active"
"EMP00477","Aditya","Reddy","Aditya Reddy","Sales","Delhi","Senior Manager","Active"
"EMP00478","Akash","Kapoor","Akash Kapoor","IT","Pune","Analyst","Active"
"EMP00479","Ananya","Gupta","Ananya Gupta","Customer Success","Mumbai","Director","Active"
"EMP00480","Meera","Sharma","Meera Sharma","IT","Hyderabad","Senior Manager","Active"
"EMP00481","Sneha","Kulkarni","Sneha Kulkarni","Legal","Pune","Manager","Active"
"EMP00482","Priya","Singh","Priya Singh","Marketing","Pune","Lead Engineer","Active"
"EMP00483","Aarav","Das","Aarav Das","Security","Pune","Administrator","Active"
"EMP00484","Ishita","Das","Ishita Das","Legal","Hyderabad","Manager","Active"
"EMP00485","Ritika","Patel","Ritika Patel","Legal","Hyderabad","Administrator","Active"
"EMP00486","Vivaan","Gupta","Vivaan Gupta","Security","Chennai","Senior Manager","Active"
"EMP00487","Sanjay","Das","Sanjay Das","Sales","Delhi","Manager","Active"
"EMP00488","Rohan","Singh","Rohan Singh","HR","Mumbai","Senior Manager","Active"
"EMP00489","Ishita","Menon","Ishita Menon","Marketing","Mumbai","Analyst","Active"
"EMP00490","Vivaan","Singh","Vivaan Singh","Marketing","Delhi","Engineer","Active"
"EMP00491","Aarav","Sharma","Aarav Sharma","Security","Delhi","Senior Engineer","Active"
"EMP00492","Vikram","Iyer","Vikram Iyer","Finance","Chennai","Manager","Active"
"EMP00493","Aditya","Patel","Aditya Patel","Marketing","Mumbai","Analyst","Active"
"EMP00494","Aarav","Sharma","Aarav Sharma","Customer Success","Chennai","Consultant","Active"
"EMP00495","Rahul","Sharma","Rahul Sharma","IT","Chennai","Administrator","Active"
"EMP00496","Vikram","Joshi","Vikram Joshi","Finance","Bangalore","Senior Manager","Active"
"EMP00497","Aarav","Gupta","Aarav Gupta","HR","Bangalore","Administrator","Active"
"EMP00498","Aditya","Kulkarni","Aditya Kulkarni","Legal","Pune","Lead Engineer","Active"
"EMP00499","Rahul","Gupta","Rahul Gupta","Operations","Mumbai","Analyst","Active"
"EMP00500","Ananya","Verma","Ananya Verma","Marketing","Mumbai","Consultant","Active"
"EMP00501","Kiran","Kapoor","Kiran Kapoor","Customer Success","Hyderabad","Engineer","Active"
"EMP00502","Aditya","Kumar","Aditya Kumar","Operations","Pune","Administrator","Active"
"EMP00503","Akash","Gupta","Akash Gupta","Marketing","Delhi","Manager","Active"
"EMP00504","Akash","Kulkarni","Akash Kulkarni","Legal","Delhi","Senior Manager","Active"
"EMP00505","Akash","Nair","Akash Nair","HR","Hyderabad","Administrator","Active"
"EMP00506","Kiran","Kapoor","Kiran Kapoor","Engineering","Hyderabad","Lead Engineer","Active"
"EMP00507","Akash","Kapoor","Akash Kapoor","Finance","Mumbai","Consultant","Active"
"EMP00508","Akash","Das","Akash Das","Marketing","Hyderabad","Administrator","Active"
"EMP00509","Rohan","Das","Rohan Das","Operations","Delhi","Senior Engineer","Active"
"EMP00510","Kiran","Das","Kiran Das","Sales","Bangalore","Director","Active"
"EMP00511","Rohan","Sharma","Rohan Sharma","Engineering","Pune","Engineer","Active"
"EMP00512","Meera","Joshi","Meera Joshi","Operations","Hyderabad","Administrator","Active"
"EMP00513","Ananya","Kapoor","Ananya Kapoor","IT","Mumbai","Lead Engineer","Active"
"EMP00514","Meera","Kapoor","Meera Kapoor","Customer Success","Bangalore","Manager","Active"
"EMP00515","Diya","Gupta","Diya Gupta","Legal","Bangalore","Engineer","Active"
"EMP00516","Neha","Kulkarni","Neha Kulkarni","Customer Success","Delhi","Lead Engineer","Active"
"EMP00517","Diya","Iyer","Diya Iyer","Engineering","Mumbai","Administrator","Active"
"EMP00518","Aisha","Kumar","Aisha Kumar","Security","Pune","Administrator","Active"
"EMP00519","Vikram","Joshi","Vikram Joshi","Engineering","Bangalore","Engineer","Active"
"EMP00520","Vivaan","Nair","Vivaan Nair","HR","Hyderabad","Analyst","Active"
"EMP00521","Vikram","Nair","Vikram Nair","Security","Bangalore","Consultant","Active"
"EMP00522","Kiran","Singh","Kiran Singh","IT","Chennai","Lead Engineer","Active"
"EMP00523","Aditya","Kumar","Aditya Kumar","Sales","Pune","Engineer","Active"
"EMP00524","Ananya","Kumar","Ananya Kumar","HR","Chennai","Manager","Active"
"EMP00525","Vikram","Kumar","Vikram Kumar","Operations","Chennai","Lead Engineer","Active"
"EMP00526","Ishita","Reddy","Ishita Reddy","Finance","Mumbai","Manager","Active"
"EMP00527","Sneha","Kumar","Sneha Kumar","Legal","Chennai","Senior Engineer","Active"
"EMP00528","Vivaan","Kumar","Vivaan Kumar","IT","Hyderabad","Analyst","Active"
"EMP00529","Vikram","Sharma","Vikram Sharma","Legal","Pune","Administrator","Active"
"EMP00530","Vivaan","Patel","Vivaan Patel","Engineering","Chennai","Engineer","Active"
"EMP00531","Ritika","Sharma","Ritika Sharma","Operations","Bangalore","Manager","Active"
"EMP00532","Priya","Rao","Priya Rao","Finance","Chennai","Senior Manager","Active"
"EMP00533","Aisha","Gupta","Aisha Gupta","Security","Bangalore","Senior Engineer","Active"
"EMP00534","Akash","Reddy","Akash Reddy","Marketing","Bangalore","Lead Engineer","Active"
"EMP00535","Sneha","Singh","Sneha Singh","Finance","Delhi","Senior Manager","Active"
"EMP00536","Aisha","Kapoor","Aisha Kapoor","IT","Mumbai","Engineer","Active"
"EMP00537","Vikram","Patel","Vikram Patel","Legal","Pune","Analyst","Active"
"EMP00538","Sneha","Reddy","Sneha Reddy","Marketing","Chennai","Senior Engineer","Active"
"EMP00539","Krishna","Sharma","Krishna Sharma","Security","Mumbai","Analyst","Active"
"EMP00540","Aarav","Singh","Aarav Singh","HR","Chennai","Analyst","Active"
"EMP00541","Sneha","Singh","Sneha Singh","Legal","Bangalore","Senior Manager","Active"
"EMP00542","Meera","Patel","Meera Patel","Sales","Mumbai","Lead Engineer","Active"
"EMP00543","Ananya","Kumar","Ananya Kumar","Legal","Bangalore","Engineer","Active"
"EMP00544","Vivaan","Rao","Vivaan Rao","Finance","Hyderabad","Engineer","Active"
"EMP00545","Kiran","Joshi","Kiran Joshi","Legal","Mumbai","Administrator","Active"
"EMP00546","Ishita","Nair","Ishita Nair","Legal","Bangalore","Manager","Active"
"EMP00547","Krishna","Das","Krishna Das","Security","Bangalore","Director","Active"
"EMP00548","Ananya","Verma","Ananya Verma","Legal","Bangalore","Manager","Active"
"EMP00549","Rohan","Joshi","Rohan Joshi","HR","Mumbai","Engineer","Active"
"EMP00550","Akash","Verma","Akash Verma","Operations","Pune","Consultant","Active"
"EMP00551","Vivaan","Singh","Vivaan Singh","Finance","Hyderabad","Analyst","Active"
"EMP00552","Meera","Iyer","Meera Iyer","Customer Success","Chennai","Senior Engineer","Active"
"EMP00553","Aisha","Das","Aisha Das","Engineering","Bangalore","Lead Engineer","Active"
"EMP00554","Aarav","Kapoor","Aarav Kapoor","Legal","Delhi","Director","Active"
"EMP00555","Aarav","Menon","Aarav Menon","Engineering","Delhi","Engineer","Active"
"EMP00556","Vivaan","Sharma","Vivaan Sharma","Engineering","Bangalore","Analyst","Active"
"EMP00557","Sanjay","Gupta","Sanjay Gupta","IT","Delhi","Analyst","Active"
"EMP00558","Ritika","Singh","Ritika Singh","Legal","Mumbai","Manager","Active"
"EMP00559","Aisha","Menon","Aisha Menon","Legal","Hyderabad","Manager","Active"
"EMP00560","Rohan","Joshi","Rohan Joshi","Engineering","Mumbai","Lead Engineer","Active"
"EMP00561","Rohan","Reddy","Rohan Reddy","Marketing","Bangalore","Analyst","Active"
"EMP00562","Aarav","Kulkarni","Aarav Kulkarni","Marketing","Chennai","Consultant","Active"
"EMP00563","Diya","Patel","Diya Patel","Marketing","Pune","Lead Engineer","Active"
"EMP00564","Krishna","Gupta","Krishna Gupta","IT","Hyderabad","Senior Engineer","Active"
"EMP00565","Rahul","Iyer","Rahul Iyer","Security","Bangalore","Senior Manager","Active"
"EMP00566","Meera","Gupta","Meera Gupta","Engineering","Delhi","Manager","Active"
"EMP00567","Aisha","Verma","Aisha Verma","Marketing","Bangalore","Analyst","Active"
"EMP00568","Aisha","Kumar","Aisha Kumar","Sales","Hyderabad","Analyst","Active"
"EMP00569","Krishna","Reddy","Krishna Reddy","Customer Success","Bangalore","Consultant","Active"
"EMP00570","Ritika","Gupta","Ritika Gupta","Sales","Pune","Administrator","Active"
"EMP00571","Vivaan","Menon","Vivaan Menon","IT","Bangalore","Manager","Active"
"EMP00572","Vikram","Nair","Vikram Nair","Engineering","Delhi","Manager","Active"
"EMP00573","Priya","Verma","Priya Verma","Customer Success","Mumbai","Analyst","Active"
"EMP00574","Akash","Das","Akash Das","Security","Delhi","Engineer","Active"
"EMP00575","Vikram","Patel","Vikram Patel","Finance","Chennai","Lead Engineer","Active"
"EMP00576","Arjun","Nair","Arjun Nair","Marketing","Hyderabad","Administrator","Active"
"EMP00577","Arjun","Joshi","Arjun Joshi","Operations","Chennai","Lead Engineer","Active"
"EMP00578","Ritika","Iyer","Ritika Iyer","Customer Success","Pune","Senior Engineer","Active"
"EMP00579","Vivaan","Singh","Vivaan Singh","Finance","Pune","Analyst","Active"
"EMP00580","Rohan","Kumar","Rohan Kumar","Finance","Delhi","Lead Engineer","Active"
"EMP00581","Rahul","Kulkarni","Rahul Kulkarni","HR","Mumbai","Lead Engineer","Active"
"EMP00582","Vikram","Patel","Vikram Patel","IT","Delhi","Manager","Active"
"EMP00583","Akash","Gupta","Akash Gupta","IT","Hyderabad","Manager","Active"
"EMP00584","Akash","Kumar","Akash Kumar","Security","Bangalore","Senior Manager","Active"
"EMP00585","Akash","Singh","Akash Singh","Engineering","Mumbai","Administrator","Active"
"EMP00586","Aditya","Kapoor","Aditya Kapoor","Customer Success","Bangalore","Manager","Active"
"EMP00587","Rohan","Kapoor","Rohan Kapoor","Finance","Bangalore","Analyst","Active"
"EMP00588","Aisha","Rao","Aisha Rao","Marketing","Delhi","Lead Engineer","Active"
"EMP00589","Neha","Das","Neha Das","Security","Chennai","Analyst","Active"
"EMP00590","Aarav","Singh","Aarav Singh","Customer Success","Bangalore","Engineer","Active"
"EMP00591","Neha","Kapoor","Neha Kapoor","Sales","Bangalore","Director","Active"
"EMP00592","Aditya","Rao","Aditya Rao","Customer Success","Delhi","Manager","Active"
"EMP00593","Aarav","Joshi","Aarav Joshi","Legal","Hyderabad","Director","Active"
"EMP00594","Krishna","Das","Krishna Das","Sales","Delhi","Engineer","Active"
"EMP00595","Ananya","Das","Ananya Das","Sales","Bangalore","Analyst","Active"
"EMP00596","Meera","Gupta","Meera Gupta","IT","Chennai","Lead Engineer","Active"
"EMP00597","Aditya","Kapoor","Aditya Kapoor","Operations","Pune","Senior Engineer","Active"
"EMP00598","Neha","Nair","Neha Nair","Customer Success","Delhi","Director","Active"
"EMP00599","Akash","Rao","Akash Rao","Engineering","Mumbai","Consultant","Active"
"EMP00600","Meera","Rao","Meera Rao","Legal","Bangalore","Director","Active"
"EMP00601","Rohan","Iyer","Rohan Iyer","Sales","Pune","Administrator","Active"
"EMP00602","Sanjay","Kulkarni","Sanjay Kulkarni","Operations","Hyderabad","Senior Manager","Active"
"EMP00603","Aarav","Joshi","Aarav Joshi","Legal","Bangalore","Senior Engineer","Active"
"EMP00604","Kiran","Gupta","Kiran Gupta","HR","Delhi","Lead Engineer","Active"
"EMP00605","Krishna","Verma","Krishna Verma","Finance","Delhi","Senior Manager","Active"
"EMP00606","Meera","Das","Meera Das","HR","Bangalore","Manager","Active"
"EMP00607","Vivaan","Gupta","Vivaan Gupta","Customer Success","Pune","Administrator","Active"
"EMP00608","Ritika","Das","Ritika Das","Operations","Hyderabad","Engineer","Active"
"EMP00609","Kiran","Nair","Kiran Nair","Customer Success","Chennai","Administrator","Active"
"EMP00610","Neha","Iyer","Neha Iyer","IT","Hyderabad","Lead Engineer","Active"
"EMP00611","Kiran","Singh","Kiran Singh","Finance","Hyderabad","Engineer","Active"
"EMP00612","Akash","Iyer","Akash Iyer","Finance","Chennai","Senior Engineer","Active"
"EMP00613","Diya","Nair","Diya Nair","Operations","Mumbai","Analyst","Active"
"EMP00614","Aarav","Gupta","Aarav Gupta","Sales","Delhi","Analyst","Active"
"EMP00615","Diya","Menon","Diya Menon","Operations","Chennai","Director","Active"
"EMP00616","Neha","Sharma","Neha Sharma","Engineering","Hyderabad","Director","Active"
"EMP00617","Priya","Singh","Priya Singh","Customer Success","Mumbai","Engineer","Active"
"EMP00618","Ananya","Singh","Ananya Singh","IT","Hyderabad","Director","Active"
"EMP00619","Aditya","Nair","Aditya Nair","Security","Delhi","Analyst","Active"
"EMP00620","Neha","Kulkarni","Neha Kulkarni","Engineering","Delhi","Administrator","Active"
"EMP00621","Neha","Reddy","Neha Reddy","Finance","Chennai","Director","Active"
"EMP00622","Aditya","Iyer","Aditya Iyer","Operations","Bangalore","Senior Manager","Active"
"EMP00623","Vivaan","Kumar","Vivaan Kumar","HR","Bangalore","Analyst","Active"
"EMP00624","Ananya","Kumar","Ananya Kumar","Marketing","Chennai","Analyst","Active"
"EMP00625","Aisha","Iyer","Aisha Iyer","Finance","Bangalore","Lead Engineer","Active"
"EMP00626","Ishita","Rao","Ishita Rao","Customer Success","Bangalore","Senior Manager","Active"
"EMP00627","Akash","Kapoor","Akash Kapoor","Customer Success","Delhi","Lead Engineer","Active"
"EMP00628","Ishita","Patel","Ishita Patel","Engineering","Pune","Senior Engineer","Active"
"EMP00629","Vikram","Kumar","Vikram Kumar","Customer Success","Bangalore","Senior Manager","Active"
"EMP00630","Akash","Reddy","Akash Reddy","HR","Mumbai","Director","Active"
"EMP00631","Krishna","Verma","Krishna Verma","Operations","Hyderabad","Director","Active"
"EMP00632","Diya","Das","Diya Das","Operations","Delhi","Manager","Active"
"EMP00633","Aditya","Reddy","Aditya Reddy","Customer Success","Hyderabad","Manager","Active"
"EMP00634","Sneha","Nair","Sneha Nair","IT","Pune","Analyst","Active"
"EMP00635","Vivaan","Kulkarni","Vivaan Kulkarni","IT","Bangalore","Director","Active"
"EMP00636","Ananya","Kumar","Ananya Kumar","Security","Bangalore","Consultant","Active"
"EMP00637","Sanjay","Das","Sanjay Das","Customer Success","Bangalore","Administrator","Active"
"EMP00638","Ananya","Kulkarni","Ananya Kulkarni","IT","Delhi","Senior Engineer","Active"
"EMP00639","Krishna","Reddy","Krishna Reddy","Operations","Bangalore","Lead Engineer","Active"
"EMP00640","Neha","Das","Neha Das","Legal","Hyderabad","Senior Manager","Active"
"EMP00641","Ananya","Verma","Ananya Verma","Customer Success","Delhi","Senior Manager","Active"
"EMP00642","Sneha","Nair","Sneha Nair","IT","Chennai","Administrator","Active"
"EMP00643","Sneha","Sharma","Sneha Sharma","Legal","Mumbai","Administrator","Active"
"EMP00644","Rohan","Das","Rohan Das","IT","Mumbai","Analyst","Active"
"EMP00645","Priya","Sharma","Priya Sharma","Finance","Bangalore","Director","Active"
"EMP00646","Kiran","Kumar","Kiran Kumar","IT","Delhi","Director","Active"
"EMP00647","Aarav","Reddy","Aarav Reddy","Finance","Pune","Lead Engineer","Active"
"EMP00648","Krishna","Patel","Krishna Patel","Customer Success","Chennai","Analyst","Active"
"EMP00649","Kiran","Gupta","Kiran Gupta","Legal","Mumbai","Manager","Active"
"EMP00650","Vivaan","Patel","Vivaan Patel","Sales","Pune","Director","Active"
"EMP00651","Aisha","Verma","Aisha Verma","Legal","Mumbai","Lead Engineer","Active"
"EMP00652","Ananya","Iyer","Ananya Iyer","Customer Success","Chennai","Manager","Active"
"EMP00653","Aditya","Kumar","Aditya Kumar","Marketing","Hyderabad","Engineer","Active"
"EMP00654","Vivaan","Menon","Vivaan Menon","IT","Hyderabad","Senior Engineer","Active"
"EMP00655","Diya","Gupta","Diya Gupta","Engineering","Delhi","Senior Manager","Active"
"EMP00656","Meera","Joshi","Meera Joshi","Engineering","Chennai","Analyst","Active"
"EMP00657","Priya","Kumar","Priya Kumar","Sales","Mumbai","Engineer","Active"
"EMP00658","Akash","Singh","Akash Singh","HR","Delhi","Administrator","Active"
"EMP00659","Meera","Verma","Meera Verma","IT","Bangalore","Director","Active"
"EMP00660","Vikram","Menon","Vikram Menon","Security","Delhi","Director","Active"
"EMP00661","Sanjay","Sharma","Sanjay Sharma","Marketing","Delhi","Consultant","Active"
"EMP00662","Diya","Sharma","Diya Sharma","Customer Success","Delhi","Consultant","Active"
"EMP00663","Ananya","Singh","Ananya Singh","Finance","Chennai","Manager","Active"
"EMP00664","Akash","Iyer","Akash Iyer","Operations","Mumbai","Consultant","Active"
"EMP00665","Akash","Kulkarni","Akash Kulkarni","IT","Bangalore","Senior Engineer","Active"
"EMP00666","Sanjay","Kulkarni","Sanjay Kulkarni","Sales","Chennai","Senior Engineer","Active"
"EMP00667","Priya","Das","Priya Das","Operations","Hyderabad","Senior Engineer","Active"
"EMP00668","Priya","Singh","Priya Singh","Customer Success","Bangalore","Administrator","Active"
"EMP00669","Aditya","Sharma","Aditya Sharma","Security","Pune","Director","Active"
"EMP00670","Ishita","Kumar","Ishita Kumar","Security","Hyderabad","Engineer","Active"
"EMP00671","Vivaan","Menon","Vivaan Menon","Finance","Pune","Lead Engineer","Active"
"EMP00672","Krishna","Das","Krishna Das","Marketing","Pune","Analyst","Active"
"EMP00673","Akash","Nair","Akash Nair","Marketing","Pune","Administrator","Active"
"EMP00674","Ritika","Sharma","Ritika Sharma","IT","Bangalore","Senior Manager","Active"
"EMP00675","Krishna","Verma","Krishna Verma","HR","Bangalore","Senior Manager","Active"
"EMP00676","Neha","Sharma","Neha Sharma","IT","Hyderabad","Administrator","Active"
"EMP00677","Rohan","Nair","Rohan Nair","HR","Hyderabad","Engineer","Active"
"EMP00678","Vikram","Singh","Vikram Singh","IT","Delhi","Director","Active"
"EMP00679","Krishna","Nair","Krishna Nair","Legal","Pune","Senior Engineer","Active"
"EMP00680","Meera","Iyer","Meera Iyer","Sales","Delhi","Consultant","Active"
"EMP00681","Vivaan","Rao","Vivaan Rao","Finance","Delhi","Senior Manager","Active"
"EMP00682","Ishita","Das","Ishita Das","HR","Bangalore","Engineer","Active"
"EMP00683","Ishita","Patel","Ishita Patel","HR","Hyderabad","Engineer","Active"
"EMP00684","Arjun","Kumar","Arjun Kumar","Operations","Hyderabad","Engineer","Active"
"EMP00685","Aarav","Kulkarni","Aarav Kulkarni","Sales","Delhi","Manager","Active"
"EMP00686","Meera","Kapoor","Meera Kapoor","Security","Delhi","Consultant","Active"
"EMP00687","Ritika","Joshi","Ritika Joshi","Engineering","Pune","Consultant","Active"
"EMP00688","Sneha","Kulkarni","Sneha Kulkarni","IT","Bangalore","Consultant","Active"
"EMP00689","Aditya","Gupta","Aditya Gupta","HR","Chennai","Senior Manager","Active"
"EMP00690","Aisha","Kumar","Aisha Kumar","Operations","Bangalore","Administrator","Active"
"EMP00691","Ishita","Gupta","Ishita Gupta","Customer Success","Delhi","Consultant","Active"
"EMP00692","Vikram","Gupta","Vikram Gupta","Finance","Bangalore","Administrator","Active"
"EMP00693","Krishna","Gupta","Krishna Gupta","Customer Success","Delhi","Senior Manager","Active"
"EMP00694","Meera","Verma","Meera Verma","IT","Delhi","Senior Manager","Active"
"EMP00695","Aditya","Menon","Aditya Menon","IT","Chennai","Lead Engineer","Active"
"EMP00696","Diya","Kumar","Diya Kumar","Operations","Pune","Director","Active"
"EMP00697","Akash","Nair","Akash Nair","Engineering","Chennai","Lead Engineer","Active"
"EMP00698","Kiran","Kumar","Kiran Kumar","IT","Bangalore","Senior Engineer","Active"
"EMP00699","Krishna","Gupta","Krishna Gupta","Sales","Delhi","Analyst","Active"
"EMP00700","Neha","Kulkarni","Neha Kulkarni","Operations","Chennai","Consultant","Active"
"EMP00701","Sneha","Kapoor","Sneha Kapoor","Engineering","Chennai","Director","Active"
"EMP00702","Ishita","Joshi","Ishita Joshi","IT","Delhi","Lead Engineer","Active"
"EMP00703","Krishna","Singh","Krishna Singh","Marketing","Pune","Manager","Active"
"EMP00704","Aarav","Das","Aarav Das","Marketing","Chennai","Manager","Active"
"EMP00705","Krishna","Kapoor","Krishna Kapoor","HR","Chennai","Senior Manager","Active"
"EMP00706","Krishna","Menon","Krishna Menon","Marketing","Hyderabad","Consultant","Active"
"EMP00707","Diya","Das","Diya Das","Sales","Pune","Director","Active"
"EMP00708","Aisha","Joshi","Aisha Joshi","IT","Hyderabad","Analyst","Active"
"EMP00709","Sneha","Kulkarni","Sneha Kulkarni","HR","Mumbai","Manager","Active"
"EMP00710","Diya","Das","Diya Das","Marketing","Bangalore","Engineer","Active"
"EMP00711","Sneha","Reddy","Sneha Reddy","Marketing","Mumbai","Manager","Active"
"EMP00712","Rahul","Rao","Rahul Rao","IT","Delhi","Senior Manager","Active"
"EMP00713","Aisha","Nair","Aisha Nair","HR","Mumbai","Consultant","Active"
"EMP00714","Krishna","Kapoor","Krishna Kapoor","Engineering","Bangalore","Senior Engineer","Active"
"EMP00715","Krishna","Verma","Krishna Verma","HR","Delhi","Senior Manager","Active"
"EMP00716","Diya","Iyer","Diya Iyer","IT","Hyderabad","Consultant","Active"
"EMP00717","Sneha","Kapoor","Sneha Kapoor","Marketing","Hyderabad","Director","Active"
"EMP00718","Arjun","Kumar","Arjun Kumar","Finance","Mumbai","Lead Engineer","Active"
"EMP00719","Neha","Das","Neha Das","HR","Bangalore","Senior Manager","Active"
"EMP00720","Sanjay","Sharma","Sanjay Sharma","Security","Delhi","Consultant","Active"
"EMP00721","Rohan","Reddy","Rohan Reddy","Engineering","Pune","Consultant","Active"
"EMP00722","Aisha","Nair","Aisha Nair","HR","Delhi","Director","Active"
"EMP00723","Sneha","Menon","Sneha Menon","Sales","Pune","Director","Active"
"EMP00724","Krishna","Gupta","Krishna Gupta","Security","Bangalore","Engineer","Active"
"EMP00725","Kiran","Iyer","Kiran Iyer","Legal","Hyderabad","Senior Manager","Active"
"EMP00726","Diya","Gupta","Diya Gupta","Legal","Delhi","Manager","Active"
"EMP00727","Rohan","Kulkarni","Rohan Kulkarni","Marketing","Bangalore","Engineer","Active"
"EMP00728","Vivaan","Singh","Vivaan Singh","Sales","Hyderabad","Director","Active"
"EMP00729","Aarav","Iyer","Aarav Iyer","Finance","Mumbai","Engineer","Active"
"EMP00730","Sneha","Menon","Sneha Menon","HR","Delhi","Manager","Active"
"EMP00731","Diya","Sharma","Diya Sharma","Legal","Pune","Senior Engineer","Active"
"EMP00732","Krishna","Menon","Krishna Menon","Customer Success","Pune","Consultant","Active"
"EMP00733","Aditya","Iyer","Aditya Iyer","Sales","Chennai","Senior Engineer","Active"
"EMP00734","Ishita","Sharma","Ishita Sharma","Customer Success","Delhi","Administrator","Active"
"EMP00735","Sanjay","Kumar","Sanjay Kumar","Marketing","Hyderabad","Analyst","Active"
"EMP00736","Ananya","Joshi","Ananya Joshi","Security","Bangalore","Senior Manager","Active"
"EMP00737","Diya","Reddy","Diya Reddy","Sales","Delhi","Lead Engineer","Active"
"EMP00738","Meera","Nair","Meera Nair","Customer Success","Chennai","Lead Engineer","Active"
"EMP00739","Vivaan","Joshi","Vivaan Joshi","Security","Bangalore","Senior Manager","Active"
"EMP00740","Diya","Reddy","Diya Reddy","Sales","Mumbai","Senior Manager","Active"
"EMP00741","Rahul","Kapoor","Rahul Kapoor","Sales","Hyderabad","Administrator","Active"
"EMP00742","Ritika","Menon","Ritika Menon","Sales","Mumbai","Lead Engineer","Active"
"EMP00743","Neha","Rao","Neha Rao","Legal","Hyderabad","Senior Manager","Active"
"EMP00744","Neha","Kumar","Neha Kumar","Security","Bangalore","Manager","Active"
"EMP00745","Aisha","Kulkarni","Aisha Kulkarni","Marketing","Mumbai","Administrator","Active"
"EMP00746","Vikram","Sharma","Vikram Sharma","Customer Success","Mumbai","Lead Engineer","Active"
"EMP00747","Sanjay","Singh","Sanjay Singh","Operations","Bangalore","Senior Engineer","Active"
"EMP00748","Kiran","Iyer","Kiran Iyer","IT","Pune","Manager","Active"
"EMP00749","Aditya","Iyer","Aditya Iyer","Finance","Mumbai","Manager","Active"
"EMP00750","Aarav","Joshi","Aarav Joshi","IT","Delhi","Administrator","Active"
"EMP00751","Arjun","Das","Arjun Das","Operations","Chennai","Senior Manager","Active"
"EMP00752","Rohan","Patel","Rohan Patel","Customer Success","Hyderabad","Manager","Active"
"EMP00753","Aarav","Kulkarni","Aarav Kulkarni","HR","Hyderabad","Consultant","Active"
"EMP00754","Vikram","Reddy","Vikram Reddy","IT","Bangalore","Lead Engineer","Active"
"EMP00755","Vikram","Menon","Vikram Menon","Security","Bangalore","Senior Engineer","Active"
"EMP00756","Ishita","Rao","Ishita Rao","Finance","Bangalore","Senior Manager","Active"
"EMP00757","Vivaan","Kapoor","Vivaan Kapoor","IT","Hyderabad","Lead Engineer","Active"
"EMP00758","Neha","Menon","Neha Menon","Finance","Mumbai","Director","Active"
"EMP00759","Neha","Verma","Neha Verma","Operations","Bangalore","Administrator","Active"
"EMP00760","Meera","Joshi","Meera Joshi","Engineering","Bangalore","Engineer","Active"
"EMP00761","Krishna","Joshi","Krishna Joshi","Customer Success","Delhi","Manager","Active"
"EMP00762","Diya","Kapoor","Diya Kapoor","Operations","Hyderabad","Senior Engineer","Active"
"EMP00763","Ananya","Das","Ananya Das","Engineering","Bangalore","Engineer","Active"
"EMP00764","Ritika","Iyer","Ritika Iyer","IT","Mumbai","Senior Engineer","Active"
"EMP00765","Aisha","Joshi","Aisha Joshi","Sales","Pune","Analyst","Active"
"EMP00766","Aisha","Patel","Aisha Patel","Marketing","Mumbai","Analyst","Active"
"EMP00767","Aisha","Kulkarni","Aisha Kulkarni","Security","Hyderabad","Engineer","Active"
"EMP00768","Vikram","Verma","Vikram Verma","Customer Success","Mumbai","Lead Engineer","Active"
"EMP00769","Krishna","Kumar","Krishna Kumar","Customer Success","Bangalore","Consultant","Active"
"EMP00770","Rohan","Verma","Rohan Verma","Security","Chennai","Analyst","Active"
"EMP00771","Aditya","Reddy","Aditya Reddy","Customer Success","Mumbai","Analyst","Active"
"EMP00772","Priya","Rao","Priya Rao","IT","Delhi","Analyst","Active"
"EMP00773","Kiran","Nair","Kiran Nair","Sales","Hyderabad","Engineer","Active"
"EMP00774","Kiran","Das","Kiran Das","IT","Pune","Consultant","Active"
"EMP00775","Neha","Rao","Neha Rao","Operations","Pune","Manager","Active"
"EMP00776","Ananya","Sharma","Ananya Sharma","IT","Hyderabad","Administrator","Active"
"EMP00777","Rohan","Sharma","Rohan Sharma","HR","Hyderabad","Analyst","Active"
"EMP00778","Sanjay","Iyer","Sanjay Iyer","Legal","Mumbai","Analyst","Active"
"EMP00779","Diya","Verma","Diya Verma","Customer Success","Hyderabad","Manager","Active"
"EMP00780","Ishita","Patel","Ishita Patel","IT","Hyderabad","Engineer","Active"
"EMP00781","Diya","Rao","Diya Rao","Operations","Chennai","Senior Manager","Active"
"EMP00782","Priya","Gupta","Priya Gupta","HR","Chennai","Administrator","Active"
"EMP00783","Neha","Das","Neha Das","Finance","Delhi","Engineer","Active"
"EMP00784","Vivaan","Nair","Vivaan Nair","Operations","Chennai","Director","Active"
"EMP00785","Priya","Menon","Priya Menon","Security","Hyderabad","Engineer","Active"
"EMP00786","Aditya","Gupta","Aditya Gupta","Marketing","Hyderabad","Senior Manager","Active"
"EMP00787","Rohan","Rao","Rohan Rao","Finance","Hyderabad","Lead Engineer","Active"
"EMP00788","Aditya","Nair","Aditya Nair","Engineering","Mumbai","Engineer","Active"
"EMP00789","Diya","Gupta","Diya Gupta","Finance","Chennai","Senior Engineer","Active"
"EMP00790","Vikram","Gupta","Vikram Gupta","IT","Hyderabad","Senior Manager","Active"
"EMP00791","Sneha","Sharma","Sneha Sharma","HR","Hyderabad","Senior Engineer","Active"
"EMP00792","Sneha","Sharma","Sneha Sharma","Sales","Delhi","Analyst","Active"
"EMP00793","Aisha","Singh","Aisha Singh","Finance","Mumbai","Director","Active"
"EMP00794","Meera","Rao","Meera Rao","Marketing","Hyderabad","Lead Engineer","Active"
"EMP00795","Kiran","Singh","Kiran Singh","Security","Delhi","Senior Engineer","Active"
"EMP00796","Rohan","Nair","Rohan Nair","Security","Delhi","Manager","Active"
"EMP00797","Priya","Das","Priya Das","Customer Success","Hyderabad","Manager","Active"
"EMP00798","Sneha","Kapoor","Sneha Kapoor","IT","Delhi","Senior Engineer","Active"
"EMP00799","Rohan","Reddy","Rohan Reddy","Legal","Chennai","Senior Manager","Active"
"EMP00800","Aarav","Joshi","Aarav Joshi","IT","Hyderabad","Senior Engineer","Active"
"EMP00801","Sanjay","Patel","Sanjay Patel","Operations","Pune","Director","Active"
"EMP00802","Diya","Kapoor","Diya Kapoor","Operations","Mumbai","Consultant","Active"
"EMP00803","Krishna","Kapoor","Krishna Kapoor","Finance","Pune","Engineer","Active"
"EMP00804","Ritika","Kumar","Ritika Kumar","IT","Delhi","Consultant","Active"
"EMP00805","Rohan","Verma","Rohan Verma","Legal","Delhi","Senior Engineer","Active"
"EMP00806","Aarav","Sharma","Aarav Sharma","IT","Mumbai","Lead Engineer","Active"
"EMP00807","Rahul","Singh","Rahul Singh","Engineering","Delhi","Senior Engineer","Active"
"EMP00808","Sanjay","Sharma","Sanjay Sharma","IT","Hyderabad","Administrator","Active"
"EMP00809","Akash","Gupta","Akash Gupta","Security","Delhi","Administrator","Active"
"EMP00810","Diya","Iyer","Diya Iyer","Sales","Delhi","Senior Manager","Active"
"EMP00811","Sneha","Reddy","Sneha Reddy","Security","Chennai","Senior Manager","Active"
"EMP00812","Akash","Nair","Akash Nair","Marketing","Chennai","Lead Engineer","Active"
"EMP00813","Neha","Sharma","Neha Sharma","Customer Success","Chennai","Administrator","Active"
"EMP00814","Sanjay","Gupta","Sanjay Gupta","Customer Success","Pune","Manager","Active"
"EMP00815","Rohan","Joshi","Rohan Joshi","Marketing","Pune","Manager","Active"
"EMP00816","Priya","Joshi","Priya Joshi","Legal","Delhi","Engineer","Active"
"EMP00817","Sneha","Verma","Sneha Verma","Sales","Hyderabad","Analyst","Active"
"EMP00818","Sanjay","Nair","Sanjay Nair","Customer Success","Chennai","Engineer","Active"
"EMP00819","Rohan","Reddy","Rohan Reddy","Operations","Chennai","Lead Engineer","Active"
"EMP00820","Ananya","Patel","Ananya Patel","IT","Pune","Senior Manager","Active"
"EMP00821","Akash","Menon","Akash Menon","Engineering","Mumbai","Director","Active"
"EMP00822","Meera","Patel","Meera Patel","Security","Pune","Consultant","Active"
"EMP00823","Neha","Singh","Neha Singh","Marketing","Hyderabad","Engineer","Active"
"EMP00824","Ananya","Gupta","Ananya Gupta","HR","Mumbai","Senior Manager","Active"
"EMP00825","Sneha","Das","Sneha Das","IT","Mumbai","Senior Manager","Active"
"EMP00826","Krishna","Gupta","Krishna Gupta","Marketing","Chennai","Director","Active"
"EMP00827","Vikram","Kulkarni","Vikram Kulkarni","Operations","Bangalore","Senior Engineer","Active"
"EMP00828","Sneha","Joshi","Sneha Joshi","IT","Mumbai","Analyst","Active"
"EMP00829","Sanjay","Kumar","Sanjay Kumar","Customer Success","Delhi","Lead Engineer","Active"
"EMP00830","Arjun","Gupta","Arjun Gupta","HR","Hyderabad","Consultant","Active"
"EMP00831","Rahul","Menon","Rahul Menon","Marketing","Bangalore","Administrator","Active"
"EMP00832","Vikram","Das","Vikram Das","Finance","Chennai","Senior Manager","Active"
"EMP00833","Sneha","Joshi","Sneha Joshi","Security","Bangalore","Engineer","Active"
"EMP00834","Arjun","Rao","Arjun Rao","Security","Delhi","Analyst","Active"
"EMP00835","Rahul","Rao","Rahul Rao","Sales","Bangalore","Engineer","Active"
"EMP00836","Sneha","Reddy","Sneha Reddy","HR","Chennai","Engineer","Active"
"EMP00837","Aisha","Kumar","Aisha Kumar","IT","Bangalore","Senior Manager","Active"
"EMP00838","Aarav","Nair","Aarav Nair","Marketing","Delhi","Administrator","Active"
"EMP00839","Rahul","Iyer","Rahul Iyer","IT","Delhi","Director","Active"
"EMP00840","Priya","Nair","Priya Nair","IT","Bangalore","Engineer","Active"
"EMP00841","Rahul","Iyer","Rahul Iyer","Customer Success","Bangalore","Senior Engineer","Active"
"EMP00842","Aarav","Gupta","Aarav Gupta","HR","Bangalore","Engineer","Active"
"EMP00843","Kiran","Verma","Kiran Verma","Sales","Mumbai","Engineer","Active"
"EMP00844","Kiran","Verma","Kiran Verma","HR","Mumbai","Lead Engineer","Active"
"EMP00845","Neha","Sharma","Neha Sharma","Finance","Chennai","Lead Engineer","Active"
"EMP00846","Akash","Nair","Akash Nair","HR","Chennai","Senior Engineer","Active"
"EMP00847","Akash","Iyer","Akash Iyer","Customer Success","Hyderabad","Consultant","Active"
"EMP00848","Vivaan","Iyer","Vivaan Iyer","Marketing","Bangalore","Director","Active"
"EMP00849","Kiran","Reddy","Kiran Reddy","Security","Bangalore","Consultant","Active"
"EMP00850","Arjun","Kulkarni","Arjun Kulkarni","Engineering","Hyderabad","Director","Active"
"EMP00851","Vikram","Sharma","Vikram Sharma","Customer Success","Bangalore","Engineer","Active"
"EMP00852","Akash","Verma","Akash Verma","Finance","Bangalore","Senior Manager","Active"
"EMP00853","Vivaan","Verma","Vivaan Verma","Security","Bangalore","Administrator","Active"
"EMP00854","Neha","Nair","Neha Nair","Engineering","Bangalore","Lead Engineer","Active"
"EMP00855","Aisha","Kumar","Aisha Kumar","IT","Delhi","Administrator","Active"
"EMP00856","Neha","Menon","Neha Menon","Marketing","Pune","Senior Manager","Active"
"EMP00857","Rohan","Rao","Rohan Rao","HR","Pune","Analyst","Active"
"EMP00858","Krishna","Das","Krishna Das","Marketing","Pune","Engineer","Active"
"EMP00859","Meera","Gupta","Meera Gupta","Engineering","Hyderabad","Senior Manager","Active"
"EMP00860","Sanjay","Iyer","Sanjay Iyer","Security","Delhi","Director","Active"
"EMP00861","Meera","Kulkarni","Meera Kulkarni","Engineering","Delhi","Analyst","Active"
"EMP00862","Rahul","Nair","Rahul Nair","Sales","Mumbai","Consultant","Active"
"EMP00863","Kiran","Iyer","Kiran Iyer","Security","Pune","Consultant","Active"
"EMP00864","Aditya","Rao","Aditya Rao","Operations","Mumbai","Consultant","Active"
"EMP00865","Krishna","Nair","Krishna Nair","Operations","Bangalore","Senior Engineer","Active"
"EMP00866","Sanjay","Rao","Sanjay Rao","Operations","Bangalore","Lead Engineer","Active"
"EMP00867","Ritika","Reddy","Ritika Reddy","Finance","Hyderabad","Senior Manager","Active"
"EMP00868","Kiran","Patel","Kiran Patel","Customer Success","Pune","Analyst","Active"
"EMP00869","Arjun","Sharma","Arjun Sharma","Engineering","Delhi","Lead Engineer","Active"
"EMP00870","Diya","Sharma","Diya Sharma","Security","Bangalore","Consultant","Active"
"EMP00871","Rohan","Menon","Rohan Menon","Legal","Mumbai","Administrator","Active"
"EMP00872","Meera","Das","Meera Das","Operations","Chennai","Engineer","Active"
"EMP00873","Meera","Kumar","Meera Kumar","Legal","Chennai","Manager","Active"
"EMP00874","Akash","Patel","Akash Patel","Marketing","Delhi","Lead Engineer","Active"
"EMP00875","Rahul","Nair","Rahul Nair","Sales","Mumbai","Director","Active"
"EMP00876","Aarav","Kumar","Aarav Kumar","Marketing","Delhi","Senior Manager","Active"
"EMP00877","Neha","Reddy","Neha Reddy","Engineering","Hyderabad","Director","Active"
"EMP00878","Sanjay","Sharma","Sanjay Sharma","Finance","Delhi","Director","Active"
"EMP00879","Ritika","Menon","Ritika Menon","Operations","Delhi","Manager","Active"
"EMP00880","Rohan","Reddy","Rohan Reddy","Security","Delhi","Administrator","Active"
"EMP00881","Rahul","Das","Rahul Das","HR","Hyderabad","Senior Manager","Active"
"EMP00882","Rahul","Iyer","Rahul Iyer","Legal","Mumbai","Senior Manager","Active"
"EMP00883","Sanjay","Kapoor","Sanjay Kapoor","HR","Delhi","Administrator","Active"
"EMP00884","Rohan","Verma","Rohan Verma","Finance","Pune","Lead Engineer","Active"
"EMP00885","Krishna","Kulkarni","Krishna Kulkarni","Customer Success","Pune","Engineer","Active"
"EMP00886","Diya","Gupta","Diya Gupta","Finance","Mumbai","Analyst","Active"
"EMP00887","Aditya","Nair","Aditya Nair","Finance","Bangalore","Administrator","Active"
"EMP00888","Ritika","Nair","Ritika Nair","Customer Success","Pune","Analyst","Active"
"EMP00889","Ishita","Singh","Ishita Singh","HR","Bangalore","Director","Active"
"EMP00890","Arjun","Joshi","Arjun Joshi","Legal","Pune","Senior Manager","Active"
"EMP00891","Aisha","Joshi","Aisha Joshi","Legal","Mumbai","Director","Active"
"EMP00892","Neha","Menon","Neha Menon","Sales","Bangalore","Manager","Active"
"EMP00893","Ritika","Nair","Ritika Nair","IT","Delhi","Engineer","Active"
"EMP00894","Aarav","Joshi","Aarav Joshi","Engineering","Pune","Lead Engineer","Active"
"EMP00895","Priya","Nair","Priya Nair","Security","Bangalore","Consultant","Active"
"EMP00896","Sneha","Joshi","Sneha Joshi","Marketing","Mumbai","Senior Engineer","Active"
"EMP00897","Ishita","Reddy","Ishita Reddy","Legal","Mumbai","Manager","Active"
"EMP00898","Ishita","Kapoor","Ishita Kapoor","Legal","Bangalore","Consultant","Active"
"EMP00899","Diya","Menon","Diya Menon","Engineering","Pune","Senior Engineer","Active"
"EMP00900","Aisha","Menon","Aisha Menon","IT","Delhi","Manager","Active"
"EMP00901","Diya","Menon","Diya Menon","Marketing","Hyderabad","Lead Engineer","Active"
"EMP00902","Diya","Menon","Diya Menon","HR","Pune","Administrator","Active"
"EMP00903","Aditya","Gupta","Aditya Gupta","Finance","Delhi","Engineer","Active"
"EMP00904","Vikram","Patel","Vikram Patel","HR","Pune","Consultant","Active"
"EMP00905","Aditya","Sharma","Aditya Sharma","Engineering","Delhi","Lead Engineer","Active"
"EMP00906","Meera","Kulkarni","Meera Kulkarni","HR","Pune","Manager","Active"
"EMP00907","Neha","Kumar","Neha Kumar","Marketing","Delhi","Manager","Active"
"EMP00908","Rahul","Patel","Rahul Patel","Customer Success","Mumbai","Director","Active"
"EMP00909","Sanjay","Nair","Sanjay Nair","IT","Pune","Engineer","Active"
"EMP00910","Rahul","Das","Rahul Das","HR","Chennai","Administrator","Active"
"EMP00911","Sanjay","Reddy","Sanjay Reddy","IT","Bangalore","Director","Active"
"EMP00912","Aisha","Kapoor","Aisha Kapoor","Customer Success","Pune","Manager","Active"
"EMP00913","Rahul","Singh","Rahul Singh","Sales","Delhi","Senior Engineer","Active"
"EMP00914","Aarav","Kumar","Aarav Kumar","Engineering","Pune","Senior Engineer","Active"
"EMP00915","Aisha","Rao","Aisha Rao","Customer Success","Delhi","Senior Manager","Active"
"EMP00916","Diya","Patel","Diya Patel","Security","Delhi","Director","Active"
"EMP00917","Sanjay","Das","Sanjay Das","HR","Mumbai","Senior Engineer","Active"
"EMP00918","Vivaan","Rao","Vivaan Rao","Security","Chennai","Senior Engineer","Active"
"EMP00919","Aarav","Nair","Aarav Nair","Legal","Bangalore","Director","Active"
"EMP00920","Sneha","Kulkarni","Sneha Kulkarni","Security","Chennai","Administrator","Active"
"EMP00921","Ritika","Gupta","Ritika Gupta","Legal","Hyderabad","Consultant","Active"
"EMP00922","Vikram","Kulkarni","Vikram Kulkarni","Engineering","Pune","Analyst","Active"
"EMP00923","Rohan","Patel","Rohan Patel","Sales","Mumbai","Engineer","Active"
"EMP00924","Diya","Sharma","Diya Sharma","IT","Chennai","Analyst","Active"
"EMP00925","Meera","Kapoor","Meera Kapoor","Engineering","Hyderabad","Consultant","Active"
"EMP00926","Sanjay","Gupta","Sanjay Gupta","Marketing","Pune","Engineer","Active"
"EMP00927","Priya","Iyer","Priya Iyer","Marketing","Bangalore","Senior Engineer","Active"
"EMP00928","Sneha","Patel","Sneha Patel","Customer Success","Delhi","Manager","Active"
"EMP00929","Priya","Sharma","Priya Sharma","Sales","Mumbai","Engineer","Active"
"EMP00930","Kiran","Menon","Kiran Menon","Operations","Bangalore","Engineer","Active"
"EMP00931","Diya","Sharma","Diya Sharma","Marketing","Hyderabad","Lead Engineer","Active"
"EMP00932","Kiran","Kapoor","Kiran Kapoor","Legal","Mumbai","Engineer","Active"
"EMP00933","Arjun","Nair","Arjun Nair","HR","Bangalore","Lead Engineer","Active"
"EMP00934","Neha","Nair","Neha Nair","Operations","Delhi","Administrator","Active"
"EMP00935","Aarav","Nair","Aarav Nair","IT","Hyderabad","Engineer","Active"
"EMP00936","Ananya","Joshi","Ananya Joshi","Legal","Chennai","Lead Engineer","Active"
"EMP00937","Krishna","Das","Krishna Das","Security","Chennai","Manager","Active"
"EMP00938","Akash","Rao","Akash Rao","IT","Mumbai","Consultant","Active"
"EMP00939","Kiran","Patel","Kiran Patel","Sales","Pune","Administrator","Active"
"EMP00940","Kiran","Rao","Kiran Rao","IT","Hyderabad","Director","Active"
"EMP00941","Sanjay","Kulkarni","Sanjay Kulkarni","Sales","Hyderabad","Director","Active"
"EMP00942","Vivaan","Gupta","Vivaan Gupta","Sales","Pune","Analyst","Active"
"EMP00943","Priya","Patel","Priya Patel","Customer Success","Mumbai","Director","Active"
"EMP00944","Ananya","Kulkarni","Ananya Kulkarni","Finance","Mumbai","Administrator","Active"
"EMP00945","Ishita","Joshi","Ishita Joshi","Security","Delhi","Administrator","Active"
"EMP00946","Ritika","Kulkarni","Ritika Kulkarni","Engineering","Mumbai","Administrator","Active"
"EMP00947","Akash","Kumar","Akash Kumar","Finance","Bangalore","Senior Manager","Active"
"EMP00948","Vivaan","Gupta","Vivaan Gupta","Engineering","Mumbai","Lead Engineer","Active"
"EMP00949","Priya","Reddy","Priya Reddy","Sales","Delhi","Senior Manager","Active"
"EMP00950","Kiran","Menon","Kiran Menon","Marketing","Mumbai","Senior Manager","Active"
"EMP00951","Ananya","Reddy","Ananya Reddy","Engineering","Mumbai","Lead Engineer","Active"
"EMP00952","Sanjay","Nair","Sanjay Nair","Legal","Pune","Senior Engineer","Active"
"EMP00953","Ritika","Iyer","Ritika Iyer","Security","Chennai","Consultant","Active"
"EMP00954","Rahul","Kulkarni","Rahul Kulkarni","Operations","Bangalore","Senior Manager","Active"
"EMP00955","Aarav","Joshi","Aarav Joshi","Security","Delhi","Senior Manager","Active"
"EMP00956","Neha","Rao","Neha Rao","Customer Success","Pune","Analyst","Active"
"EMP00957","Priya","Singh","Priya Singh","Marketing","Bangalore","Manager","Active"
"EMP00958","Kiran","Rao","Kiran Rao","HR","Chennai","Manager","Active"
"EMP00959","Vikram","Kulkarni","Vikram Kulkarni","Customer Success","Hyderabad","Administrator","Active"
"EMP00960","Sneha","Menon","Sneha Menon","Customer Success","Mumbai","Analyst","Active"
"EMP00961","Rohan","Patel","Rohan Patel","Marketing","Chennai","Director","Active"
"EMP00962","Sanjay","Kulkarni","Sanjay Kulkarni","Finance","Delhi","Engineer","Active"
"EMP00963","Vivaan","Reddy","Vivaan Reddy","HR","Hyderabad","Senior Engineer","Active"
"EMP00964","Akash","Rao","Akash Rao","Finance","Mumbai","Lead Engineer","Active"
"EMP00965","Kiran","Iyer","Kiran Iyer","Customer Success","Pune","Senior Manager","Active"
"EMP00966","Vivaan","Kapoor","Vivaan Kapoor","Finance","Delhi","Lead Engineer","Active"
"EMP00967","Vikram","Joshi","Vikram Joshi","Security","Mumbai","Engineer","Active"
"EMP00968","Ishita","Patel","Ishita Patel","Legal","Bangalore","Director","Active"
"EMP00969","Neha","Rao","Neha Rao","Finance","Delhi","Lead Engineer","Active"
"EMP00970","Ishita","Nair","Ishita Nair","HR","Delhi","Consultant","Active"
"EMP00971","Rohan","Iyer","Rohan Iyer","Operations","Bangalore","Senior Engineer","Active"
"EMP00972","Aisha","Rao","Aisha Rao","Customer Success","Chennai","Lead Engineer","Active"
"EMP00973","Neha","Reddy","Neha Reddy","Sales","Mumbai","Lead Engineer","Active"
"EMP00974","Ritika","Joshi","Ritika Joshi","Finance","Chennai","Senior Manager","Active"
"EMP00975","Sneha","Patel","Sneha Patel","Marketing","Pune","Analyst","Active"
"EMP00976","Ananya","Reddy","Ananya Reddy","Legal","Pune","Lead Engineer","Active"
"EMP00977","Sneha","Rao","Sneha Rao","Sales","Mumbai","Senior Engineer","Active"
"EMP00978","Sanjay","Iyer","Sanjay Iyer","HR","Pune","Engineer","Active"
"EMP00979","Rahul","Kumar","Rahul Kumar","Legal","Pune","Consultant","Active"
"EMP00980","Akash","Kumar","Akash Kumar","Operations","Mumbai","Manager","Active"
"EMP00981","Sanjay","Menon","Sanjay Menon","IT","Bangalore","Manager","Active"
"EMP00982","Sneha","Kulkarni","Sneha Kulkarni","Engineering","Bangalore","Engineer","Active"
"EMP00983","Sanjay","Joshi","Sanjay Joshi","Marketing","Chennai","Administrator","Active"
"EMP00984","Neha","Verma","Neha Verma","Legal","Chennai","Director","Active"
"EMP00985","Rahul","Nair","Rahul Nair","Security","Delhi","Lead Engineer","Active"
"EMP00986","Aisha","Patel","Aisha Patel","Legal","Delhi","Consultant","Active"
"EMP00987","Akash","Rao","Akash Rao","Marketing","Hyderabad","Manager","Active"
"EMP00988","Aditya","Kumar","Aditya Kumar","IT","Delhi","Consultant","Active"
"EMP00989","Ritika","Nair","Ritika Nair","Marketing","Delhi","Senior Manager","Active"
"EMP00990","Rahul","Menon","Rahul Menon","HR","Hyderabad","Engineer","Active"
"EMP00991","Aarav","Rao","Aarav Rao","Security","Mumbai","Consultant","Active"
"EMP00992","Priya","Kulkarni","Priya Kulkarni","IT","Mumbai","Senior Engineer","Active"
"EMP00993","Meera","Iyer","Meera Iyer","HR","Bangalore","Senior Engineer","Active"
"EMP00994","Rohan","Das","Rohan Das","Marketing","Hyderabad","Lead Engineer","Active"
"EMP00995","Krishna","Gupta","Krishna Gupta","Legal","Delhi","Manager","Active"
"EMP00996","Aarav","Reddy","Aarav Reddy","IT","Pune","Director","Active"
"EMP00997","Krishna","Iyer","Krishna Iyer","IT","Chennai","Administrator","Active"
"EMP00998","Krishna","Kumar","Krishna Kumar","IT","Bangalore","Analyst","Active"
"EMP00999","Krishna","Kulkarni","Krishna Kulkarni","Customer Success","Bangalore","Administrator","Active"
"EMP01000","Akash","Gupta","Akash Gupta","Finance","Delhi","Lead Engineer","Active"
