"GroupID","GroupName","Department","GroupType","Description","Status"
"GRP-0001","GRP-Legal-0001","Legal","Distribution","Legal Department Group","Active"
"GRP-0002","GRP-Finance-0002","Finance","Security","Finance Department Group","Active"
"GRP-0003","GRP-CustomerSuccess-0003","CustomerSuccess","Distribution","CustomerSuccess Department Group","Active"
"GRP-0004","GRP-Security-0004","Security","Security","Security Department Group","Active"
"GRP-0005","GRP-Marketing-0005","Marketing","Distribution","Marketing Department Group","Active"
"GRP-0006","GRP-Operations-0006","Operations","Security","Operations Department Group","Active"
"GRP-0007","GRP-Engineering-0007","Engineering","Distribution","Engineering Department Group","Active"
"GRP-0008","GRP-Marketing-0008","Marketing","Distribution","Marketing Department Group","Active"
"GRP-0009","GRP-Marketing-0009","Marketing","Security","Marketing Department Group","Active"
"GRP-0010","GRP-Legal-0010","Legal","Distribution","Legal Department Group","Active"
"GRP-0011","GRP-Sales-0011","Sales","Security","Sales Department Group","Active"
"GRP-0012","GRP-Legal-0012","Legal","Security","Legal Department Group","Active"
"GRP-0013","GRP-Finance-0013","Finance","Security","Finance Department Group","Active"
"GRP-0014","GRP-Sales-0014","Sales","Distribution","Sales Department Group","Active"
"GRP-0015","GRP-Operations-0015","Operations","Distribution","Operations Department Group","Active"
"GRP-0016","GRP-HR-0016","HR","Security","HR Department Group","Active"
"GRP-0017","GRP-CustomerSuccess-0017","CustomerSuccess","Distribution","CustomerSuccess Department Group","Active"
"GRP-0018","GRP-Finance-0018","Finance","Distribution","Finance Department Group","Active"
"GRP-0019","GRP-Operations-0019","Operations","Distribution","Operations Department Group","Active"
"GRP-0020","GRP-Finance-0020","Finance","Distribution","Finance Department Group","Active"
"GRP-0021","GRP-CustomerSuccess-0021","CustomerSuccess","Distribution","CustomerSuccess Department Group","Active"
"GRP-0022","GRP-Operations-0022","Operations","Security","Operations Department Group","Active"
"GRP-0023","GRP-Finance-0023","Finance","Distribution","Finance Department Group","Active"
"GRP-0024","GRP-Marketing-0024","Marketing","Distribution","Marketing Department Group","Active"
"GRP-0025","GRP-Engineering-0025","Engineering","Distribution","Engineering Department Group","Active"
"GRP-0026","GRP-HR-0026","HR","Security","HR Department Group","Active"
"GRP-0027","GRP-IT-0027","IT","Security","IT Department Group","Active"
"GRP-0028","GRP-Security-0028","Security","Security","Security Department Group","Active"
"GRP-0029","GRP-Marketing-0029","Marketing","Security","Marketing Department Group","Active"
"GRP-0030","GRP-CustomerSuccess-0030","CustomerSuccess","Distribution","CustomerSuccess Department Group","Active"
"GRP-0031","GRP-HR-0031","HR","Distribution","HR Department Group","Active"
"GRP-0032","GRP-Legal-0032","Legal","Security","Legal Department Group","Active"
"GRP-0033","GRP-Sales-0033","Sales","Distribution","Sales Department Group","Active"
"GRP-0034","GRP-Finance-0034","Finance","Security","Finance Department Group","Active"
"GRP-0035","GRP-Marketing-0035","Marketing","Distribution","Marketing Department Group","Active"
"GRP-0036","GRP-Marketing-0036","Marketing","Security","Marketing Department Group","Active"
"GRP-0037","GRP-Sales-0037","Sales","Security","Sales Department Group","Active"
"GRP-0038","GRP-Operations-0038","Operations","Security","Operations Department Group","Active"
"GRP-0039","GRP-CustomerSuccess-0039","CustomerSuccess","Security","CustomerSuccess Department Group","Active"
"GRP-0040","GRP-HR-0040","HR","Security","HR Department Group","Active"
"GRP-0041","GRP-Finance-0041","Finance","Security","Finance Department Group","Active"
"GRP-0042","GRP-Finance-0042","Finance","Security","Finance Department Group","Active"
"GRP-0043","GRP-Legal-0043","Legal","Security","Legal Department Group","Active"
"GRP-0044","GRP-Legal-0044","Legal","Security","Legal Department Group","Active"
"GRP-0045","GRP-Engineering-0045","Engineering","Distribution","Engineering Department Group","Active"
"GRP-0046","GRP-Engineering-0046","Engineering","Security","Engineering Department Group","Active"
"GRP-0047","GRP-Security-0047","Security","Security","Security Department Group","Active"
"GRP-0048","GRP-Legal-0048","Legal","Security","Legal Department Group","Active"
"GRP-0049","GRP-Security-0049","Security","Security","Security Department Group","Active"
"GRP-0050","GRP-Operations-0050","Operations","Security","Operations Department Group","Active"
"GRP-0051","GRP-Engineering-0051","Engineering","Distribution","Engineering Department Group","Active"
"GRP-0052","GRP-Legal-0052","Legal","Distribution","Legal Department Group","Active"
"GRP-0053","GRP-Sales-0053","Sales","Security","Sales Department Group","Active"
"GRP-0054","GRP-Marketing-0054","Marketing","Security","Marketing Department Group","Active"
"GRP-0055","GRP-Security-0055","Security","Security","Security Department Group","Active"
"GRP-0056","GRP-Legal-0056","Legal","Distribution","Legal Department Group","Active"
"GRP-0057","GRP-Finance-0057","Finance","Distribution","Finance Department Group","Active"
"GRP-0058","GRP-Engineering-0058","Engineering","Security","Engineering Department Group","Active"
"GRP-0059","GRP-CustomerSuccess-0059","CustomerSuccess","Security","CustomerSuccess Department Group","Active"
"GRP-0060","GRP-Finance-0060","Finance","Security","Finance Department Group","Active"
"GRP-0061","GRP-HR-0061","HR","Distribution","HR Department Group","Active"
"GRP-0062","GRP-Sales-0062","Sales","Distribution","Sales Department Group","Active"
"GRP-0063","GRP-Finance-0063","Finance","Distribution","Finance Department Group","Active"
"GRP-0064","GRP-Legal-0064","Legal","Security","Legal Department Group","Active"
"GRP-0065","GRP-HR-0065","HR","Distribution","HR Department Group","Active"
"GRP-0066","GRP-HR-0066","HR","Distribution","HR Department Group","Active"
"GRP-0067","GRP-Engineering-0067","Engineering","Distribution","Engineering Department Group","Active"
"GRP-0068","GRP-CustomerSuccess-0068","CustomerSuccess","Distribution","CustomerSuccess Department Group","Active"
"GRP-0069","GRP-IT-0069","IT","Distribution","IT Department Group","Active"
"GRP-0070","GRP-Security-0070","Security","Distribution","Security Department Group","Active"
"GRP-0071","GRP-CustomerSuccess-0071","CustomerSuccess","Distribution","CustomerSuccess Department Group","Active"
"GRP-0072","GRP-Operations-0072","Operations","Distribution","Operations Department Group","Active"
"GRP-0073","GRP-HR-0073","HR","Distribution","HR Department Group","Active"
"GRP-0074","GRP-IT-0074","IT","Security","IT Department Group","Active"
"GRP-0075","GRP-Security-0075","Security","Security","Security Department Group","Active"
"GRP-0076","GRP-Operations-0076","Operations","Security","Operations Department Group","Active"
"GRP-0077","GRP-Security-0077","Security","Security","Security Department Group","Active"
"GRP-0078","GRP-Sales-0078","Sales","Security","Sales Department Group","Active"
"GRP-0079","GRP-IT-0079","IT","Security","IT Department Group","Active"
"GRP-0080","GRP-CustomerSuccess-0080","CustomerSuccess","Distribution","CustomerSuccess Department Group","Active"
"GRP-0081","GRP-Marketing-0081","Marketing","Distribution","Marketing Department Group","Active"
"GRP-0082","GRP-Security-0082","Security","Distribution","Security Department Group","Active"
"GRP-0083","GRP-Finance-0083","Finance","Security","Finance Department Group","Active"
"GRP-0084","GRP-Sales-0084","Sales","Distribution","Sales Department Group","Active"
"GRP-0085","GRP-Finance-0085","Finance","Distribution","Finance Department Group","Active"
"GRP-0086","GRP-Security-0086","Security","Security","Security Department Group","Active"
"GRP-0087","GRP-CustomerSuccess-0087","CustomerSuccess","Security","CustomerSuccess Department Group","Active"
"GRP-0088","GRP-Sales-0088","Sales","Distribution","Sales Department Group","Active"
"GRP-0089","GRP-Legal-0089","Legal","Distribution","Legal Department Group","Active"
"GRP-0090","GRP-IT-0090","IT","Security","IT Department Group","Active"
"GRP-0091","GRP-Legal-0091","Legal","Security","Legal Department Group","Active"
"GRP-0092","GRP-IT-0092","IT","Security","IT Department Group","Active"
"GRP-0093","GRP-CustomerSuccess-0093","CustomerSuccess","Security","CustomerSuccess Department Group","Active"
"GRP-0094","GRP-CustomerSuccess-0094","CustomerSuccess","Security","CustomerSuccess Department Group","Active"
"GRP-0095","GRP-IT-0095","IT","Distribution","IT Department Group","Active"
"GRP-0096","GRP-Engineering-0096","Engineering","Distribution","Engineering Department Group","Active"
"GRP-0097","GRP-Operations-0097","Operations","Security","Operations Department Group","Active"
"GRP-0098","GRP-Security-0098","Security","Distribution","Security Department Group","Active"
"GRP-0099","GRP-Security-0099","Security","Distribution","Security Department Group","Active"
"GRP-0100","GRP-IT-0100","IT","Distribution","IT Department Group","Active"
"GRP-0101","GRP-Engineering-0101","Engineering","Security","Engineering Department Group","Active"
"GRP-0102","GRP-Security-0102","Security","Distribution","Security Department Group","Active"
"GRP-0103","GRP-CustomerSuccess-0103","CustomerSuccess","Security","CustomerSuccess Department Group","Active"
"GRP-0104","GRP-Finance-0104","Finance","Distribution","Finance Department Group","Active"
"GRP-0105","GRP-Engineering-0105","Engineering","Security","Engineering Department Group","Active"
"GRP-0106","GRP-IT-0106","IT","Distribution","IT Department Group","Active"
"GRP-0107","GRP-Legal-0107","Legal","Distribution","Legal Department Group","Active"
"GRP-0108","GRP-Engineering-0108","Engineering","Security","Engineering Department Group","Active"
"GRP-0109","GRP-IT-0109","IT","Distribution","IT Department Group","Active"
"GRP-0110","GRP-Operations-0110","Operations","Distribution","Operations Department Group","Active"
"GRP-0111","GRP-HR-0111","HR","Security","HR Department Group","Active"
"GRP-0112","GRP-Legal-0112","Legal","Security","Legal Department Group","Active"
"GRP-0113","GRP-HR-0113","HR","Security","HR Department Group","Active"
"GRP-0114","GRP-IT-0114","IT","Security","IT Department Group","Active"
"GRP-0115","GRP-Marketing-0115","Marketing","Security","Marketing Department Group","Active"
"GRP-0116","GRP-Operations-0116","Operations","Security","Operations Department Group","Active"
"GRP-0117","GRP-Operations-0117","Operations","Distribution","Operations Department Group","Active"
"GRP-0118","GRP-Operations-0118","Operations","Security","Operations Department Group","Active"
"GRP-0119","GRP-IT-0119","IT","Distribution","IT Department Group","Active"
"GRP-0120","GRP-Sales-0120","Sales","Distribution","Sales Department Group","Active"
"GRP-0121","GRP-Legal-0121","Legal","Distribution","Legal Department Group","Active"
"GRP-0122","GRP-CustomerSuccess-0122","CustomerSuccess","Security","CustomerSuccess Department Group","Active"
"GRP-0123","GRP-Engineering-0123","Engineering","Security","Engineering Department Group","Active"
"GRP-0124","GRP-Engineering-0124","Engineering","Security","Engineering Department Group","Active"
"GRP-0125","GRP-Marketing-0125","Marketing","Security","Marketing Department Group","Active"
"GRP-0126","GRP-Engineering-0126","Engineering","Security","Engineering Department Group","Active"
"GRP-0127","GRP-CustomerSuccess-0127","CustomerSuccess","Distribution","CustomerSuccess Department Group","Active"
"GRP-0128","GRP-HR-0128","HR","Distribution","HR Department Group","Active"
"GRP-0129","GRP-Marketing-0129","Marketing","Security","Marketing Department Group","Active"
"GRP-0130","GRP-CustomerSuccess-0130","CustomerSuccess","Distribution","CustomerSuccess Department Group","Active"
"GRP-0131","GRP-Engineering-0131","Engineering","Security","Engineering Department Group","Active"
"GRP-0132","GRP-Legal-0132","Legal","Security","Legal Department Group","Active"
"GRP-0133","GRP-Operations-0133","Operations","Security","Operations Department Group","Active"
"GRP-0134","GRP-Engineering-0134","Engineering","Distribution","Engineering Department Group","Active"
"GRP-0135","GRP-HR-0135","HR","Security","HR Department Group","Active"
"GRP-0136","GRP-HR-0136","HR","Distribution","HR Department Group","Active"
"GRP-0137","GRP-Legal-0137","Legal","Security","Legal Department Group","Active"
"GRP-0138","GRP-Security-0138","Security","Security","Security Department Group","Active"
"GRP-0139","GRP-Operations-0139","Operations","Security","Operations Department Group","Active"
"GRP-0140","GRP-IT-0140","IT","Security","IT Department Group","Active"
"GRP-0141","GRP-CustomerSuccess-0141","CustomerSuccess","Security","CustomerSuccess Department Group","Active"
"GRP-0142","GRP-Sales-0142","Sales","Distribution","Sales Department Group","Active"
"GRP-0143","GRP-Legal-0143","Legal","Distribution","Legal Department Group","Active"
"GRP-0144","GRP-CustomerSuccess-0144","CustomerSuccess","Security","CustomerSuccess Department Group","Active"
"GRP-0145","GRP-Sales-0145","Sales","Security","Sales Department Group","Active"
"GRP-0146","GRP-IT-0146","IT","Security","IT Department Group","Active"
"GRP-0147","GRP-Engineering-0147","Engineering","Security","Engineering Department Group","Active"
"GRP-0148","GRP-HR-0148","HR","Distribution","HR Department Group","Active"
"GRP-0149","GRP-Legal-0149","Legal","Distribution","Legal Department Group","Active"
"GRP-0150","GRP-HR-0150","HR","Distribution","HR Department Group","Active"
"GRP-0151","GRP-Marketing-0151","Marketing","Distribution","Marketing Department Group","Active"
"GRP-0152","GRP-Operations-0152","Operations","Security","Operations Department Group","Active"
"GRP-0153","GRP-HR-0153","HR","Security","HR Department Group","Active"
"GRP-0154","GRP-HR-0154","HR","Security","HR Department Group","Active"
"GRP-0155","GRP-Engineering-0155","Engineering","Distribution","Engineering Department Group","Active"
"GRP-0156","GRP-IT-0156","IT","Security","IT Department Group","Active"
"GRP-0157","GRP-Marketing-0157","Marketing","Security","Marketing Department Group","Active"
"GRP-0158","GRP-Sales-0158","Sales","Distribution","Sales Department Group","Active"
"GRP-0159","GRP-Sales-0159","Sales","Distribution","Sales Department Group","Active"
"GRP-0160","GRP-IT-0160","IT","Distribution","IT Department Group","Active"
"GRP-0161","GRP-Marketing-0161","Marketing","Distribution","Marketing Department Group","Active"
"GRP-0162","GRP-Sales-0162","Sales","Security","Sales Department Group","Active"
"GRP-0163","GRP-Engineering-0163","Engineering","Security","Engineering Department Group","Active"
"GRP-0164","GRP-IT-0164","IT","Security","IT Department Group","Active"
"GRP-0165","GRP-Security-0165","Security","Distribution","Security Department Group","Active"
"GRP-0166","GRP-Engineering-0166","Engineering","Distribution","Engineering Department Group","Active"
"GRP-0167","GRP-Operations-0167","Operations","Security","Operations Department Group","Active"
"GRP-0168","GRP-Operations-0168","Operations","Distribution","Operations Department Group","Active"
"GRP-0169","GRP-CustomerSuccess-0169","CustomerSuccess","Security","CustomerSuccess Department Group","Active"
"GRP-0170","GRP-Sales-0170","Sales","Security","Sales Department Group","Active"
"GRP-0171","GRP-IT-0171","IT","Distribution","IT Department Group","Active"
"GRP-0172","GRP-Security-0172","Security","Distribution","Security Department Group","Active"
"GRP-0173","GRP-Engineering-0173","Engineering","Distribution","Engineering Department Group","Active"
"GRP-0174","GRP-Marketing-0174","Marketing","Distribution","Marketing Department Group","Active"
"GRP-0175","GRP-Security-0175","Security","Distribution","Security Department Group","Active"
"GRP-0176","GRP-Marketing-0176","Marketing","Distribution","Marketing Department Group","Active"
"GRP-0177","GRP-Finance-0177","Finance","Distribution","Finance Department Group","Active"
"GRP-0178","GRP-CustomerSuccess-0178","CustomerSuccess","Security","CustomerSuccess Department Group","Active"
"GRP-0179","GRP-Legal-0179","Legal","Security","Legal Department Group","Active"
"GRP-0180","GRP-Legal-0180","Legal","Security","Legal Department Group","Active"
"GRP-0181","GRP-IT-0181","IT","Distribution","IT Department Group","Active"
"GRP-0182","GRP-Sales-0182","Sales","Security","Sales Department Group","Active"
"GRP-0183","GRP-Finance-0183","Finance","Security","Finance Department Group","Active"
"GRP-0184","GRP-CustomerSuccess-0184","CustomerSuccess","Security","CustomerSuccess Department Group","Active"
"GRP-0185","GRP-HR-0185","HR","Security","HR Department Group","Active"
"GRP-0186","GRP-Sales-0186","Sales","Security","Sales Department Group","Active"
"GRP-0187","GRP-IT-0187","IT","Security","IT Department Group","Active"
"GRP-0188","GRP-Finance-0188","Finance","Distribution","Finance Department Group","Active"
"GRP-0189","GRP-HR-0189","HR","Distribution","HR Department Group","Active"
"GRP-0190","GRP-Security-0190","Security","Distribution","Security Department Group","Active"
"GRP-0191","GRP-IT-0191","IT","Security","IT Department Group","Active"
"GRP-0192","GRP-Finance-0192","Finance","Security","Finance Department Group","Active"
"GRP-0193","GRP-Marketing-0193","Marketing","Security","Marketing Department Group","Active"
"GRP-0194","GRP-Operations-0194","Operations","Distribution","Operations Department Group","Active"
"GRP-0195","GRP-Security-0195","Security","Distribution","Security Department Group","Active"
"GRP-0196","GRP-HR-0196","HR","Security","HR Department Group","Active"
"GRP-0197","GRP-Sales-0197","Sales","Security","Sales Department Group","Active"
"GRP-0198","GRP-Sales-0198","Sales","Security","Sales Department Group","Active"
"GRP-0199","GRP-Sales-0199","Sales","Security","Sales Department Group","Active"
"GRP-0200","GRP-Sales-0200","Sales","Distribution","Sales Department Group","Active"
"GRP-0201","GRP-Security-0201","Security","Distribution","Security Department Group","Active"
"GRP-0202","GRP-Sales-0202","Sales","Distribution","Sales Department Group","Active"
"GRP-0203","GRP-Security-0203","Security","Security","Security Department Group","Active"
"GRP-0204","GRP-IT-0204","IT","Distribution","IT Department Group","Active"
"GRP-0205","GRP-Engineering-0205","Engineering","Security","Engineering Department Group","Active"
"GRP-0206","GRP-Security-0206","Security","Distribution","Security Department Group","Active"
"GRP-0207","GRP-IT-0207","IT","Distribution","IT Department Group","Active"
"GRP-0208","GRP-CustomerSuccess-0208","CustomerSuccess","Security","CustomerSuccess Department Group","Active"
"GRP-0209","GRP-Legal-0209","Legal","Security","Legal Department Group","Active"
"GRP-0210","GRP-IT-0210","IT","Security","IT Department Group","Active"
"GRP-0211","GRP-Finance-0211","Finance","Distribution","Finance Department Group","Active"
"GRP-0212","GRP-Security-0212","Security","Distribution","Security Department Group","Active"
"GRP-0213","GRP-HR-0213","HR","Distribution","HR Department Group","Active"
"GRP-0214","GRP-IT-0214","IT","Distribution","IT Department Group","Active"
"GRP-0215","GRP-IT-0215","IT","Distribution","IT Department Group","Active"
"GRP-0216","GRP-CustomerSuccess-0216","CustomerSuccess","Security","CustomerSuccess Department Group","Active"
"GRP-0217","GRP-IT-0217","IT","Security","IT Department Group","Active"
"GRP-0218","GRP-Marketing-0218","Marketing","Security","Marketing Department Group","Active"
"GRP-0219","GRP-Marketing-0219","Marketing","Distribution","Marketing Department Group","Active"
"GRP-0220","GRP-HR-0220","HR","Security","HR Department Group","Active"
"GRP-0221","GRP-Engineering-0221","Engineering","Security","Engineering Department Group","Active"
"GRP-0222","GRP-CustomerSuccess-0222","CustomerSuccess","Distribution","CustomerSuccess Department Group","Active"
"GRP-0223","GRP-Sales-0223","Sales","Distribution","Sales Department Group","Active"
"GRP-0224","GRP-Legal-0224","Legal","Security","Legal Department Group","Active"
"GRP-0225","GRP-CustomerSuccess-0225","CustomerSuccess","Security","CustomerSuccess Department Group","Active"
"GRP-0226","GRP-IT-0226","IT","Distribution","IT Department Group","Active"
"GRP-0227","GRP-Operations-0227","Operations","Distribution","Operations Department Group","Active"
"GRP-0228","GRP-Marketing-0228","Marketing","Distribution","Marketing Department Group","Active"
"GRP-0229","GRP-Marketing-0229","Marketing","Security","Marketing Department Group","Active"
"GRP-0230","GRP-HR-0230","HR","Security","HR Department Group","Active"
"GRP-0231","GRP-CustomerSuccess-0231","CustomerSuccess","Security","CustomerSuccess Department Group","Active"
"GRP-0232","GRP-Legal-0232","Legal","Distribution","Legal Department Group","Active"
"GRP-0233","GRP-Legal-0233","Legal","Distribution","Legal Department Group","Active"
"GRP-0234","GRP-HR-0234","HR","Security","HR Department Group","Active"
"GRP-0235","GRP-Legal-0235","Legal","Distribution","Legal Department Group","Active"
"GRP-0236","GRP-CustomerSuccess-0236","CustomerSuccess","Distribution","CustomerSuccess Department Group","Active"
"GRP-0237","GRP-Legal-0237","Legal","Security","Legal Department Group","Active"
"GRP-0238","GRP-Marketing-0238","Marketing","Distribution","Marketing Department Group","Active"
"GRP-0239","GRP-HR-0239","HR","Security","HR Department Group","Active"
"GRP-0240","GRP-CustomerSuccess-0240","CustomerSuccess","Security","CustomerSuccess Department Group","Active"
"GRP-0241","GRP-Sales-0241","Sales","Security","Sales Department Group","Active"
"GRP-0242","GRP-Finance-0242","Finance","Distribution","Finance Department Group","Active"
"GRP-0243","GRP-Marketing-0243","Marketing","Security","Marketing Department Group","Active"
"GRP-0244","GRP-Engineering-0244","Engineering","Security","Engineering Department Group","Active"
"GRP-0245","GRP-Sales-0245","Sales","Security","Sales Department Group","Active"
"GRP-0246","GRP-Engineering-0246","Engineering","Security","Engineering Department Group","Active"
"GRP-0247","GRP-Finance-0247","Finance","Distribution","Finance Department Group","Active"
"GRP-0248","GRP-Sales-0248","Sales","Security","Sales Department Group","Active"
"GRP-0249","GRP-HR-0249","HR","Security","HR Department Group","Active"
"GRP-0250","GRP-Sales-0250","Sales","Distribution","Sales Department Group","Active"
"GRP-0251","GRP-Marketing-0251","Marketing","Security","Marketing Department Group","Active"
"GRP-0252","GRP-HR-0252","HR","Security","HR Department Group","Active"
"GRP-0253","GRP-IT-0253","IT","Security","IT Department Group","Active"
"GRP-0254","GRP-HR-0254","HR","Distribution","HR Department Group","Active"
"GRP-0255","GRP-Finance-0255","Finance","Security","Finance Department Group","Active"
"GRP-0256","GRP-CustomerSuccess-0256","CustomerSuccess","Security","CustomerSuccess Department Group","Active"
"GRP-0257","GRP-Finance-0257","Finance","Security","Finance Department Group","Active"
"GRP-0258","GRP-Engineering-0258","Engineering","Distribution","Engineering Department Group","Active"
"GRP-0259","GRP-Sales-0259","Sales","Security","Sales Department Group","Active"
"GRP-0260","GRP-Legal-0260","Legal","Security","Legal Department Group","Active"
"GRP-0261","GRP-Marketing-0261","Marketing","Security","Marketing Department Group","Active"
"GRP-0262","GRP-CustomerSuccess-0262","CustomerSuccess","Security","CustomerSuccess Department Group","Active"
"GRP-0263","GRP-Security-0263","Security","Security","Security Department Group","Active"
"GRP-0264","GRP-Operations-0264","Operations","Distribution","Operations Department Group","Active"
"GRP-0265","GRP-Operations-0265","Operations","Security","Operations Department Group","Active"
"GRP-0266","GRP-Legal-0266","Legal","Security","Legal Department Group","Active"
"GRP-0267","GRP-Finance-0267","Finance","Distribution","Finance Department Group","Active"
"GRP-0268","GRP-Finance-0268","Finance","Security","Finance Department Group","Active"
"GRP-0269","GRP-HR-0269","HR","Security","HR Department Group","Active"
"GRP-0270","GRP-HR-0270","HR","Security","HR Department Group","Active"
"GRP-0271","GRP-Sales-0271","Sales","Distribution","Sales Department Group","Active"
"GRP-0272","GRP-CustomerSuccess-0272","CustomerSuccess","Distribution","CustomerSuccess Department Group","Active"
"GRP-0273","GRP-CustomerSuccess-0273","CustomerSuccess","Distribution","CustomerSuccess Department Group","Active"
"GRP-0274","GRP-Operations-0274","Operations","Security","Operations Department Group","Active"
"GRP-0275","GRP-IT-0275","IT","Security","IT Department Group","Active"
"GRP-0276","GRP-HR-0276","HR","Security","HR Department Group","Active"
"GRP-0277","GRP-Operations-0277","Operations","Distribution","Operations Department Group","Active"
"GRP-0278","GRP-Marketing-0278","Marketing","Distribution","Marketing Department Group","Active"
"GRP-0279","GRP-Finance-0279","Finance","Security","Finance Department Group","Active"
"GRP-0280","GRP-Sales-0280","Sales","Security","Sales Department Group","Active"
"GRP-0281","GRP-CustomerSuccess-0281","CustomerSuccess","Security","CustomerSuccess Department Group","Active"
"GRP-0282","GRP-Operations-0282","Operations","Distribution","Operations Department Group","Active"
"GRP-0283","GRP-Operations-0283","Operations","Security","Operations Department Group","Active"
"GRP-0284","GRP-Engineering-0284","Engineering","Security","Engineering Department Group","Active"
"GRP-0285","GRP-Legal-0285","Legal","Security","Legal Department Group","Active"
"GRP-0286","GRP-IT-0286","IT","Security","IT Department Group","Active"
"GRP-0287","GRP-Operations-0287","Operations","Distribution","Operations Department Group","Active"
"GRP-0288","GRP-Finance-0288","Finance","Distribution","Finance Department Group","Active"
"GRP-0289","GRP-Legal-0289","Legal","Distribution","Legal Department Group","Active"
"GRP-0290","GRP-Finance-0290","Finance","Security","Finance Department Group","Active"
"GRP-0291","GRP-Operations-0291","Operations","Security","Operations Department Group","Active"
"GRP-0292","GRP-Security-0292","Security","Security","Security Department Group","Active"
"GRP-0293","GRP-Legal-0293","Legal","Security","Legal Department Group","Active"
"GRP-0294","GRP-HR-0294","HR","Distribution","HR Department Group","Active"
"GRP-0295","GRP-CustomerSuccess-0295","CustomerSuccess","Security","CustomerSuccess Department Group","Active"
"GRP-0296","GRP-Security-0296","Security","Distribution","Security Department Group","Active"
"GRP-0297","GRP-Finance-0297","Finance","Distribution","Finance Department Group","Active"
"GRP-0298","GRP-Security-0298","Security","Distribution","Security Department Group","Active"
"GRP-0299","GRP-Finance-0299","Finance","Security","Finance Department Group","Active"
"GRP-0300","GRP-Security-0300","Security","Security","Security Department Group","Active"
"GRP-0301","GRP-Sales-0301","Sales","Distribution","Sales Department Group","Active"
"GRP-0302","GRP-Marketing-0302","Marketing","Security","Marketing Department Group","Active"
"GRP-0303","GRP-Engineering-0303","Engineering","Security","Engineering Department Group","Active"
"GRP-0304","GRP-Legal-0304","Legal","Security","Legal Department Group","Active"
"GRP-0305","GRP-Sales-0305","Sales","Security","Sales Department Group","Active"
"GRP-0306","GRP-Finance-0306","Finance","Distribution","Finance Department Group","Active"
"GRP-0307","GRP-Security-0307","Security","Security","Security Department Group","Active"
"GRP-0308","GRP-Legal-0308","Legal","Distribution","Legal Department Group","Active"
"GRP-0309","GRP-Operations-0309","Operations","Distribution","Operations Department Group","Active"
"GRP-0310","GRP-Legal-0310","Legal","Security","Legal Department Group","Active"
"GRP-0311","GRP-IT-0311","IT","Security","IT Department Group","Active"
"GRP-0312","GRP-Engineering-0312","Engineering","Security","Engineering Department Group","Active"
"GRP-0313","GRP-Legal-0313","Legal","Distribution","Legal Department Group","Active"
"GRP-0314","GRP-Legal-0314","Legal","Security","Legal Department Group","Active"
"GRP-0315","GRP-IT-0315","IT","Distribution","IT Department Group","Active"
"GRP-0316","GRP-Sales-0316","Sales","Security","Sales Department Group","Active"
"GRP-0317","GRP-Security-0317","Security","Distribution","Security Department Group","Active"
"GRP-0318","GRP-Operations-0318","Operations","Security","Operations Department Group","Active"
"GRP-0319","GRP-Legal-0319","Legal","Security","Legal Department Group","Active"
"GRP-0320","GRP-Finance-0320","Finance","Distribution","Finance Department Group","Active"
"GRP-0321","GRP-Marketing-0321","Marketing","Distribution","Marketing Department Group","Active"
"GRP-0322","GRP-Operations-0322","Operations","Security","Operations Department Group","Active"
"GRP-0323","GRP-Finance-0323","Finance","Security","Finance Department Group","Active"
"GRP-0324","GRP-Sales-0324","Sales","Security","Sales Department Group","Active"
"GRP-0325","GRP-IT-0325","IT","Distribution","IT Department Group","Active"
"GRP-0326","GRP-Sales-0326","Sales","Security","Sales Department Group","Active"
"GRP-0327","GRP-Sales-0327","Sales","Security","Sales Department Group","Active"
"GRP-0328","GRP-HR-0328","HR","Distribution","HR Department Group","Active"
"GRP-0329","GRP-Engineering-0329","Engineering","Security","Engineering Department Group","Active"
"GRP-0330","GRP-Legal-0330","Legal","Security","Legal Department Group","Active"
"GRP-0331","GRP-Operations-0331","Operations","Distribution","Operations Department Group","Active"
"GRP-0332","GRP-Finance-0332","Finance","Security","Finance Department Group","Active"
"GRP-0333","GRP-Finance-0333","Finance","Distribution","Finance Department Group","Active"
"GRP-0334","GRP-Marketing-0334","Marketing","Security","Marketing Department Group","Active"
"GRP-0335","GRP-HR-0335","HR","Distribution","HR Department Group","Active"
"GRP-0336","GRP-Security-0336","Security","Security","Security Department Group","Active"
"GRP-0337","GRP-Marketing-0337","Marketing","Distribution","Marketing Department Group","Active"
"GRP-0338","GRP-Legal-0338","Legal","Distribution","Legal Department Group","Active"
"GRP-0339","GRP-Legal-0339","Legal","Security","Legal Department Group","Active"
"GRP-0340","GRP-CustomerSuccess-0340","CustomerSuccess","Security","CustomerSuccess Department Group","Active"
"GRP-0341","GRP-Marketing-0341","Marketing","Distribution","Marketing Department Group","Active"
"GRP-0342","GRP-Engineering-0342","Engineering","Security","Engineering Department Group","Active"
"GRP-0343","GRP-Engineering-0343","Engineering","Distribution","Engineering Department Group","Active"
"GRP-0344","GRP-Marketing-0344","Marketing","Distribution","Marketing Department Group","Active"
"GRP-0345","GRP-Marketing-0345","Marketing","Security","Marketing Department Group","Active"
"GRP-0346","GRP-Sales-0346","Sales","Security","Sales Department Group","Active"
"GRP-0347","GRP-Security-0347","Security","Security","Security Department Group","Active"
"GRP-0348","GRP-Operations-0348","Operations","Distribution","Operations Department Group","Active"
"GRP-0349","GRP-IT-0349","IT","Security","IT Department Group","Active"
"GRP-0350","GRP-Sales-0350","Sales","Distribution","Sales Department Group","Active"
"GRP-0351","GRP-Engineering-0351","Engineering","Security","Engineering Department Group","Active"
"GRP-0352","GRP-Sales-0352","Sales","Security","Sales Department Group","Active"
"GRP-0353","GRP-Legal-0353","Legal","Security","Legal Department Group","Active"
"GRP-0354","GRP-Marketing-0354","Marketing","Distribution","Marketing Department Group","Active"
"GRP-0355","GRP-Sales-0355","Sales","Security","Sales Department Group","Active"
"GRP-0356","GRP-Sales-0356","Sales","Security","Sales Department Group","Active"
"GRP-0357","GRP-Finance-0357","Finance","Security","Finance Department Group","Active"
"GRP-0358","GRP-Marketing-0358","Marketing","Security","Marketing Department Group","Active"
"GRP-0359","GRP-IT-0359","IT","Security","IT Department Group","Active"
"GRP-0360","GRP-Finance-0360","Finance","Distribution","Finance Department Group","Active"
"GRP-0361","GRP-Sales-0361","Sales","Distribution","Sales Department Group","Active"
"GRP-0362","GRP-Sales-0362","Sales","Security","Sales Department Group","Active"
"GRP-0363","GRP-HR-0363","HR","Security","HR Department Group","Active"
"GRP-0364","GRP-HR-0364","HR","Security","HR Department Group","Active"
"GRP-0365","GRP-Security-0365","Security","Distribution","Security Department Group","Active"
"GRP-0366","GRP-Operations-0366","Operations","Distribution","Operations Department Group","Active"
"GRP-0367","GRP-IT-0367","IT","Security","IT Department Group","Active"
"GRP-0368","GRP-IT-0368","IT","Distribution","IT Department Group","Active"
"GRP-0369","GRP-HR-0369","HR","Security","HR Department Group","Active"
"GRP-0370","GRP-Finance-0370","Finance","Security","Finance Department Group","Active"
"GRP-0371","GRP-Finance-0371","Finance","Distribution","Finance Department Group","Active"
"GRP-0372","GRP-Engineering-0372","Engineering","Distribution","Engineering Department Group","Active"
"GRP-0373","GRP-Security-0373","Security","Distribution","Security Department Group","Active"
"GRP-0374","GRP-Engineering-0374","Engineering","Distribution","Engineering Department Group","Active"
"GRP-0375","GRP-Marketing-0375","Marketing","Distribution","Marketing Department Group","Active"
"GRP-0376","GRP-CustomerSuccess-0376","CustomerSuccess","Distribution","CustomerSuccess Department Group","Active"
"GRP-0377","GRP-Legal-0377","Legal","Distribution","Legal Department Group","Active"
"GRP-0378","GRP-Sales-0378","Sales","Security","Sales Department Group","Active"
"GRP-0379","GRP-Security-0379","Security","Security","Security Department Group","Active"
"GRP-0380","GRP-Security-0380","Security","Distribution","Security Department Group","Active"
"GRP-0381","GRP-Security-0381","Security","Distribution","Security Department Group","Active"
"GRP-0382","GRP-Operations-0382","Operations","Distribution","Operations Department Group","Active"
"GRP-0383","GRP-IT-0383","IT","Security","IT Department Group","Active"
"GRP-0384","GRP-IT-0384","IT","Security","IT Department Group","Active"
"GRP-0385","GRP-Sales-0385","Sales","Distribution","Sales Department Group","Active"
"GRP-0386","GRP-Security-0386","Security","Security","Security Department Group","Active"
"GRP-0387","GRP-Finance-0387","Finance","Distribution","Finance Department Group","Active"
"GRP-0388","GRP-Security-0388","Security","Distribution","Security Department Group","Active"
"GRP-0389","GRP-Legal-0389","Legal","Security","Legal Department Group","Active"
"GRP-0390","GRP-Operations-0390","Operations","Distribution","Operations Department Group","Active"
"GRP-0391","GRP-Operations-0391","Operations","Security","Operations Department Group","Active"
"GRP-0392","GRP-Sales-0392","Sales","Security","Sales Department Group","Active"
"GRP-0393","GRP-Sales-0393","Sales","Distribution","Sales Department Group","Active"
"GRP-0394","GRP-HR-0394","HR","Distribution","HR Department Group","Active"
"GRP-0395","GRP-IT-0395","IT","Distribution","IT Department Group","Active"
"GRP-0396","GRP-Operations-0396","Operations","Security","Operations Department Group","Active"
"GRP-0397","GRP-Finance-0397","Finance","Security","Finance Department Group","Active"
"GRP-0398","GRP-Engineering-0398","Engineering","Distribution","Engineering Department Group","Active"
"GRP-0399","GRP-Operations-0399","Operations","Distribution","Operations Department Group","Active"
"GRP-0400","GRP-Sales-0400","Sales","Security","Sales Department Group","Active"
"GRP-0401","GRP-Legal-0401","Legal","Security","Legal Department Group","Active"
"GRP-0402","GRP-Finance-0402","Finance","Distribution","Finance Department Group","Active"
"GRP-0403","GRP-Security-0403","Security","Security","Security Department Group","Active"
"GRP-0404","GRP-Security-0404","Security","Security","Security Department Group","Active"
"GRP-0405","GRP-Security-0405","Security","Security","Security Department Group","Active"
"GRP-0406","GRP-IT-0406","IT","Security","IT Department Group","Active"
"GRP-0407","GRP-CustomerSuccess-0407","CustomerSuccess","Security","CustomerSuccess Department Group","Active"
"GRP-0408","GRP-IT-0408","IT","Security","IT Department Group","Active"
"GRP-0409","GRP-HR-0409","HR","Distribution","HR Department Group","Active"
"GRP-0410","GRP-Operations-0410","Operations","Distribution","Operations Department Group","Active"
"GRP-0411","GRP-IT-0411","IT","Distribution","IT Department Group","Active"
"GRP-0412","GRP-IT-0412","IT","Security","IT Department Group","Active"
"GRP-0413","GRP-Engineering-0413","Engineering","Distribution","Engineering Department Group","Active"
"GRP-0414","GRP-Engineering-0414","Engineering","Distribution","Engineering Department Group","Active"
"GRP-0415","GRP-Operations-0415","Operations","Security","Operations Department Group","Active"
"GRP-0416","GRP-Operations-0416","Operations","Distribution","Operations Department Group","Active"
"GRP-0417","GRP-Operations-0417","Operations","Distribution","Operations Department Group","Active"
"GRP-0418","GRP-HR-0418","HR","Security","HR Department Group","Active"
"GRP-0419","GRP-Engineering-0419","Engineering","Distribution","Engineering Department Group","Active"
"GRP-0420","GRP-HR-0420","HR","Security","HR Department Group","Active"
"GRP-0421","GRP-Operations-0421","Operations","Security","Operations Department Group","Active"
"GRP-0422","GRP-HR-0422","HR","Distribution","HR Department Group","Active"
"GRP-0423","GRP-Legal-0423","Legal","Security","Legal Department Group","Active"
"GRP-0424","GRP-Operations-0424","Operations","Distribution","Operations Department Group","Active"
"GRP-0425","GRP-IT-0425","IT","Distribution","IT Department Group","Active"
"GRP-0426","GRP-Security-0426","Security","Security","Security Department Group","Active"
"GRP-0427","GRP-Legal-0427","Legal","Security","Legal Department Group","Active"
"GRP-0428","GRP-Security-0428","Security","Security","Security Department Group","Active"
"GRP-0429","GRP-HR-0429","HR","Security","HR Department Group","Active"
"GRP-0430","GRP-Finance-0430","Finance","Distribution","Finance Department Group","Active"
"GRP-0431","GRP-IT-0431","IT","Distribution","IT Department Group","Active"
"GRP-0432","GRP-IT-0432","IT","Security","IT Department Group","Active"
"GRP-0433","GRP-Sales-0433","Sales","Security","Sales Department Group","Active"
"GRP-0434","GRP-Marketing-0434","Marketing","Security","Marketing Department Group","Active"
"GRP-0435","GRP-Legal-0435","Legal","Distribution","Legal Department Group","Active"
"GRP-0436","GRP-CustomerSuccess-0436","CustomerSuccess","Distribution","CustomerSuccess Department Group","Active"
"GRP-0437","GRP-HR-0437","HR","Distribution","HR Department Group","Active"
"GRP-0438","GRP-Security-0438","Security","Distribution","Security Department Group","Active"
"GRP-0439","GRP-CustomerSuccess-0439","CustomerSuccess","Security","CustomerSuccess Department Group","Active"
"GRP-0440","GRP-Marketing-0440","Marketing","Security","Marketing Department Group","Active"
"GRP-0441","GRP-CustomerSuccess-0441","CustomerSuccess","Security","CustomerSuccess Department Group","Active"
"GRP-0442","GRP-HR-0442","HR","Distribution","HR Department Group","Active"
"GRP-0443","GRP-Finance-0443","Finance","Security","Finance Department Group","Active"
"GRP-0444","GRP-HR-0444","HR","Distribution","HR Department Group","Active"
"GRP-0445","GRP-HR-0445","HR","Security","HR Department Group","Active"
"GRP-0446","GRP-Sales-0446","Sales","Security","Sales Department Group","Active"
"GRP-0447","GRP-Legal-0447","Legal","Distribution","Legal Department Group","Active"
"GRP-0448","GRP-CustomerSuccess-0448","CustomerSuccess","Security","CustomerSuccess Department Group","Active"
"GRP-0449","GRP-Operations-0449","Operations","Security","Operations Department Group","Active"
"GRP-0450","GRP-Finance-0450","Finance","Distribution","Finance Department Group","Active"
"GRP-0451","GRP-IT-0451","IT","Distribution","IT Department Group","Active"
"GRP-0452","GRP-HR-0452","HR","Distribution","HR Department Group","Active"
"GRP-0453","GRP-IT-0453","IT","Security","IT Department Group","Active"
"GRP-0454","GRP-CustomerSuccess-0454","CustomerSuccess","Distribution","CustomerSuccess Department Group","Active"
"GRP-0455","GRP-CustomerSuccess-0455","CustomerSuccess","Security","CustomerSuccess Department Group","Active"
"GRP-0456","GRP-HR-0456","HR","Distribution","HR Department Group","Active"
"GRP-0457","GRP-Legal-0457","Legal","Distribution","Legal Department Group","Active"
"GRP-0458","GRP-Finance-0458","Finance","Security","Finance Department Group","Active"
"GRP-0459","GRP-Operations-0459","Operations","Distribution","Operations Department Group","Active"
"GRP-0460","GRP-Sales-0460","Sales","Distribution","Sales Department Group","Active"
"GRP-0461","GRP-Operations-0461","Operations","Security","Operations Department Group","Active"
"GRP-0462","GRP-CustomerSuccess-0462","CustomerSuccess","Distribution","CustomerSuccess Department Group","Active"
"GRP-0463","GRP-Operations-0463","Operations","Distribution","Operations Department Group","Active"
"GRP-0464","GRP-Engineering-0464","Engineering","Security","Engineering Department Group","Active"
"GRP-0465","GRP-Marketing-0465","Marketing","Security","Marketing Department Group","Active"
"GRP-0466","GRP-CustomerSuccess-0466","CustomerSuccess","Security","CustomerSuccess Department Group","Active"
"GRP-0467","GRP-Sales-0467","Sales","Distribution","Sales Department Group","Active"
"GRP-0468","GRP-HR-0468","HR","Security","HR Department Group","Active"
"GRP-0469","GRP-IT-0469","IT","Distribution","IT Department Group","Active"
"GRP-0470","GRP-Security-0470","Security","Distribution","Security Department Group","Active"
"GRP-0471","GRP-IT-0471","IT","Security","IT Department Group","Active"
"GRP-0472","GRP-Legal-0472","Legal","Distribution","Legal Department Group","Active"
"GRP-0473","GRP-IT-0473","IT","Distribution","IT Department Group","Active"
"GRP-0474","GRP-Legal-0474","Legal","Security","Legal Department Group","Active"
"GRP-0475","GRP-CustomerSuccess-0475","CustomerSuccess","Security","CustomerSuccess Department Group","Active"
"GRP-0476","GRP-Sales-0476","Sales","Distribution","Sales Department Group","Active"
"GRP-0477","GRP-Operations-0477","Operations","Security","Operations Department Group","Active"
"GRP-0478","GRP-Operations-0478","Operations","Security","Operations Department Group","Active"
"GRP-0479","GRP-HR-0479","HR","Distribution","HR Department Group","Active"
"GRP-0480","GRP-Sales-0480","Sales","Security","Sales Department Group","Active"
"GRP-0481","GRP-Marketing-0481","Marketing","Security","Marketing Department Group","Active"
"GRP-0482","GRP-IT-0482","IT","Distribution","IT Department Group","Active"
"GRP-0483","GRP-HR-0483","HR","Security","HR Department Group","Active"
"GRP-0484","GRP-CustomerSuccess-0484","CustomerSuccess","Distribution","CustomerSuccess Department Group","Active"
"GRP-0485","GRP-Legal-0485","Legal","Security","Legal Department Group","Active"
"GRP-0486","GRP-Operations-0486","Operations","Security","Operations Department Group","Active"
"GRP-0487","GRP-Legal-0487","Legal","Security","Legal Department Group","Active"
"GRP-0488","GRP-Engineering-0488","Engineering","Distribution","Engineering Department Group","Active"
"GRP-0489","GRP-CustomerSuccess-0489","CustomerSuccess","Distribution","CustomerSuccess Department Group","Active"
"GRP-0490","GRP-Engineering-0490","Engineering","Distribution","Engineering Department Group","Active"
"GRP-0491","GRP-Operations-0491","Operations","Distribution","Operations Department Group","Active"
"GRP-0492","GRP-IT-0492","IT","Security","IT Department Group","Active"
"GRP-0493","GRP-Sales-0493","Sales","Security","Sales Department Group","Active"
"GRP-0494","GRP-Marketing-0494","Marketing","Distribution","Marketing Department Group","Active"
"GRP-0495","GRP-IT-0495","IT","Security","IT Department Group","Active"
"GRP-0496","GRP-HR-0496","HR","Security","HR Department Group","Active"
"GRP-0497","GRP-Finance-0497","Finance","Security","Finance Department Group","Active"
"GRP-0498","GRP-Legal-0498","Legal","Security","Legal Department Group","Active"
"GRP-0499","GRP-HR-0499","HR","Security","HR Department Group","Active"
"GRP-0500","GRP-Security-0500","Security","Security","Security Department Group","Active"
